doi,vector,vector_geo_location,location_type,vector_genotype,vector_strain,vector_generation,virus,virus_geo_location,virus_genotype,virus_strain,feed_virus_dose,dose_unit,lab_test,diss_sample_size,trans_sample_size,temperature,temp_unit,humidity,humid_unit,dpi,diss,diss_definition,trans,trans_definition
Ahmad et al. 2017,Ae. albopictus,Besar Island Malaysia,tourism_island,,,F6,CHIKV,Malaysia,Asian,,1.00E+07,PFU/mL,multiplex RT-PCR,10,10,28,degree C,80,percent,0,0,A,0,A
Ahmad et al. 2017,Ae. albopictus,Besar Island Malaysia,tourism_island,,,F6,CHIKV,Malaysia,Asian,,1.00E+07,PFU/mL,multiplex RT-PCR,10,10,28,degree C,80,percent,1,0,A,0,A
Ahmad et al. 2017,Ae. albopictus,Besar Island Malaysia,tourism_island,,,F6,CHIKV,Malaysia,Asian,,1.00E+07,PFU/mL,multiplex RT-PCR,10,10,28,degree C,80,percent,2,0,A,0,A
Ahmad et al. 2017,Ae. albopictus,Besar Island Malaysia,tourism_island,,,F6,CHIKV,Malaysia,Asian,,1.00E+07,PFU/mL,multiplex RT-PCR,10,10,28,degree C,80,percent,3,0.3,A,0.3,A
Ahmad et al. 2017,Ae. albopictus,Besar Island Malaysia,tourism_island,,,F6,CHIKV,Malaysia,Asian,,1.00E+07,PFU/mL,multiplex RT-PCR,10,10,28,degree C,80,percent,5,0.3,A,0.3,A
Ahmad et al. 2017,Ae. albopictus,Besar Island Malaysia,tourism_island,,,F6,CHIKV,Malaysia,Asian,,1.00E+07,PFU/mL,multiplex RT-PCR,10,10,28,degree C,80,percent,7,0.6,A,0.6,A
Ahmad et al. 2017,Ae. albopictus,Besar Island Malaysia,tourism_island,,,F6,CHIKV,Malaysia,Asian,,1.00E+07,PFU/mL,multiplex RT-PCR,10,10,28,degree C,80,percent,10,0.6,A,0.6,A
Ahmad et al. 2017,Ae. albopictus,Tenggol Island Malaysia,remote_island,,,F6,CHIKV,Malaysia,Asian,,1.00E+07,PFU/mL,multiplex RT-PCR,10,10,28,degree C,80,percent,0,0,A,0,A
Ahmad et al. 2017,Ae. albopictus,Tenggol Island Malaysia,remote_island,,,F6,CHIKV,Malaysia,Asian,,1.00E+07,PFU/mL,multiplex RT-PCR,10,10,28,degree C,80,percent,1,0,A,0,A
Ahmad et al. 2017,Ae. albopictus,Tenggol Island Malaysia,remote_island,,,F6,CHIKV,Malaysia,Asian,,1.00E+07,PFU/mL,multiplex RT-PCR,10,10,28,degree C,80,percent,2,0.1,A,0.1,A
Ahmad et al. 2017,Ae. albopictus,Tenggol Island Malaysia,remote_island,,,F6,CHIKV,Malaysia,Asian,,1.00E+07,PFU/mL,multiplex RT-PCR,10,10,28,degree C,80,percent,3,0.1,A,0.1,A
Ahmad et al. 2017,Ae. albopictus,Tenggol Island Malaysia,remote_island,,,F6,CHIKV,Malaysia,Asian,,1.00E+07,PFU/mL,multiplex RT-PCR,10,10,28,degree C,80,percent,5,0.5,A,0.5,A
Ahmad et al. 2017,Ae. albopictus,Tenggol Island Malaysia,remote_island,,,F6,CHIKV,Malaysia,Asian,,1.00E+07,PFU/mL,multiplex RT-PCR,10,10,28,degree C,80,percent,7,0.51,A,0.51,A
Ahmad et al. 2017,Ae. albopictus,Tenggol Island Malaysia,remote_island,,,F6,CHIKV,Malaysia,Asian,,1.00E+07,PFU/mL,multiplex RT-PCR,10,10,28,degree C,80,percent,10,0.2,A,0.2,A
Ahmad et al. 2017,Ae. albopictus,Bandar Rinching Malaysia,urban_residential,,,F6,CHIKV,Malaysia,Asian,,1.00E+07,PFU/mL,multiplex RT-PCR,10,10,28,degree C,80,percent,0,0,A,0,A
Ahmad et al. 2017,Ae. albopictus,Bandar Rinching Malaysia,urban_residential,,,F6,CHIKV,Malaysia,Asian,,1.00E+07,PFU/mL,multiplex RT-PCR,10,10,28,degree C,80,percent,1,0,A,0,A
Ahmad et al. 2017,Ae. albopictus,Bandar Rinching Malaysia,urban_residential,,,F6,CHIKV,Malaysia,Asian,,1.00E+07,PFU/mL,multiplex RT-PCR,10,10,28,degree C,80,percent,2,0.1,A,0.1,A
Ahmad et al. 2017,Ae. albopictus,Bandar Rinching Malaysia,urban_residential,,,F6,CHIKV,Malaysia,Asian,,1.00E+07,PFU/mL,multiplex RT-PCR,10,10,28,degree C,80,percent,3,0.3,A,0.3,A
Ahmad et al. 2017,Ae. albopictus,Bandar Rinching Malaysia,urban_residential,,,F6,CHIKV,Malaysia,Asian,,1.00E+07,PFU/mL,multiplex RT-PCR,10,10,28,degree C,80,percent,5,0.52,A,0.52,A
Ahmad et al. 2017,Ae. albopictus,Bandar Rinching Malaysia,urban_residential,,,F6,CHIKV,Malaysia,Asian,,1.00E+07,PFU/mL,multiplex RT-PCR,10,10,28,degree C,80,percent,7,0.2,A,0.2,A
Ahmad et al. 2017,Ae. albopictus,Bandar Rinching Malaysia,urban_residential,,,F6,CHIKV,Malaysia,Asian,,1.00E+07,PFU/mL,multiplex RT-PCR,10,10,28,degree C,80,percent,10,0.2,A,0.2,A
Ali et al. 2018,Ae. albopictus,Binh Phuoc Vietnam,urban,,BP strain,F9,CHIKV,La Reunion,IOL,LR2006,6.31E+06,TCID50/mL,TCID50 assay,5,27-30,28,degree C,80,percent,0,0,B,0,C
Ali et al. 2018,Ae. albopictus,Binh Phuoc Vietnam,urban,,BP strain,F9,CHIKV,La Reunion,IOL,LR2006,6.31E+06,TCID50/mL,TCID50 assay,5,27-30,28,degree C,80,percent,2,0.38,B,0,C
Ali et al. 2018,Ae. albopictus,Binh Phuoc Vietnam,urban,,BP strain,F9,CHIKV,La Reunion,IOL,LR2006,6.31E+06,TCID50/mL,TCID50 assay,5,27-30,28,degree C,80,percent,3,0.68,B,0,C
Ali et al. 2018,Ae. albopictus,Binh Phuoc Vietnam,urban,,BP strain,F9,CHIKV,La Reunion,IOL,LR2006,6.31E+06,TCID50/mL,TCID50 assay,5,27-30,28,degree C,80,percent,6,0.83,B,0.3,C
Ali et al. 2018,Ae. albopictus,Binh Phuoc Vietnam,urban,,BP strain,F9,CHIKV,La Reunion,IOL,LR2006,6.31E+06,TCID50/mL,TCID50 assay,5,27-30,28,degree C,80,percent,9,0.6,B,0.07,C
Ali et al. 2018,Ae. albopictus,Binh Phuoc Vietnam,urban,,BP strain,F9,CHIKV,La Reunion,IOL,LR2006,6.31E+06,TCID50/mL,TCID50 assay,5,5,28,degree C,80,percent,14,0.6,B,0.2,C
Alto et al. 2018,Ae. albopictus,Okeechobee Co. Florida,rural,,,F1-3,CHIKV,British Virgin Island,Asian,BVI2014,2.00E+06,pfue/ml,qRT-PCR,106,28,27,degree C,,,7,0.264,D,0.321,E
Alto et al. 2018,Ae. albopictus,Manatee Co. Florida,urban,,,F1-3,CHIKV,British Virgin Island,Asian,BVI2014,2.00E+06,pfue/ml,qRT-PCR,52,10,27,degree C,,,7,0.231,D,0.4,E
Alto et al. 2018,Ae. albopictus,Alachua Co. Florida,urban,,,F1-3,CHIKV,British Virgin Island,Asian,BVI2014,2.00E+06,pfue/ml,qRT-PCR,75,25,27,degree C,,,7,0.347,D,0.32,E
Alto et al. 2017,Ae. albopictus,Indian river St. Lucie Florida,lagoon,,,F1-3,CHIKV,La Reunion,IOL,LR2006,1.00E+08,pfue/ml,qRT-PCR,48,47,30,degree C,,,2,0.96,D,0.723,E
Alto et al. 2017,Ae. albopictus,Indian river St. Lucie Florida,lagoon,,,F1-3,CHIKV,La Reunion,IOL,LR2006,1.00E+08,pfue/ml,qRT-PCR,5,3,30,degree C,,,5,0.6,D,0.66,E
Alto et al. 2017,Ae. albopictus,Indian river St. Lucie Florida,lagoon,,,F1-3,CHIKV,La Reunion,IOL,LR2006,1.00E+08,pfue/ml,qRT-PCR,31,27,30,degree C,,,12,0.98,D,0.48,E
Alto et al. 2017,Ae. albopictus,Manatee Co. Florida,urban,,,F1-3,CHIKV,La Reunion,IOL,LR2006,1.00E+08,pfue/ml,qRT-PCR,30,30,30,degree C,,,2,0.9,D,0.1,E
Alto et al. 2017,Ae. albopictus,Manatee Co. Florida,urban,,,F1-3,CHIKV,La Reunion,IOL,LR2006,1.00E+08,pfue/ml,qRT-PCR,3,3,30,degree C,,,5,1,D,1,E
Alto et al. 2017,Ae. albopictus,Manatee Co. Florida,urban,,,F1-3,CHIKV,La Reunion,IOL,LR2006,1.00E+08,pfue/ml,qRT-PCR,8,7,30,degree C,,,12,0.875,D,0.286,E
Alto et al. 2017,Ae. albopictus,Alachua Co. Florida,urban,,,F1-3,CHIKV,La Reunion,IOL,LR2006,1.00E+08,pfue/ml,qRT-PCR,26,24,30,degree C,,,2,0.885,D,0.083,E
Alto et al. 2017,Ae. albopictus,Alachua Co. Florida,urban,,,F1-3,CHIKV,La Reunion,IOL,LR2006,1.00E+08,pfue/ml,qRT-PCR,17,26,30,degree C,,,5,0.941,D,0.192,E
Alto et al. 2017,Ae. albopictus,Alachua Co. Florida,urban,,,F1-3,CHIKV,La Reunion,IOL,LR2006,1.00E+08,pfue/ml,qRT-PCR,18,18,30,degree C,,,12,0.944,D,0.055,E
Alto et al. 2017,Ae. albopictus,Indian river St. Lucie Florida,lagoon,,,F1-3,CHIKV,British Virgin Island,Asian,BVI2014,1.00E+08,pfue/ml,qRT-PCR,91,27,30,degree C,,,2,0.593,D,0.3,E
Alto et al. 2017,Ae. albopictus,Indian river St. Lucie Florida,lagoon,,,F1-3,CHIKV,British Virgin Island,Asian,BVI2014,1.00E+08,pfue/ml,qRT-PCR,32,13,30,degree C,,,5,0.968,D,0.692,E
Alto et al. 2017,Ae. albopictus,Indian river St. Lucie Florida,lagoon,,,F1-3,CHIKV,British Virgin Island,Asian,BVI2014,1.00E+08,pfue/ml,qRT-PCR,62,36,30,degree C,,,12,0.81,D,0.25,E
Alto et al. 2017,Ae. albopictus,Manatee Co. Florida,urban,,,F1-3,CHIKV,British Virgin Island,Asian,BVI2014,1.00E+08,pfue/ml,qRT-PCR,30,3,30,degree C,,,2,0.166,D,0.33,E
Alto et al. 2017,Ae. albopictus,Manatee Co. Florida,urban,,,F1-3,CHIKV,British Virgin Island,Asian,BVI2014,1.00E+08,pfue/ml,qRT-PCR,23,7,30,degree C,,,5,0.87,D,1,E
Alto et al. 2017,Ae. albopictus,Manatee Co. Florida,urban,,,F1-3,CHIKV,British Virgin Island,Asian,BVI2014,1.00E+08,pfue/ml,qRT-PCR,14,12,30,degree C,,,12,0.857,D,0.33,E
Alto et al. 2017,Ae. albopictus,Alachua Co. Florida,urban,,,F1-3,CHIKV,British Virgin Island,Asian,BVI2014,1.00E+08,pfue/ml,qRT-PCR,,,30,degree C,,,2,,D,,E
Alto et al. 2017,Ae. albopictus,Alachua Co. Florida,urban,,,F1-3,CHIKV,British Virgin Island,Asian,BVI2014,1.00E+08,pfue/ml,qRT-PCR,12,12,30,degree C,,,5,1,D,0.833,E
Alto et al. 2017,Ae. albopictus,Alachua Co. Florida,urban,,,F1-3,CHIKV,British Virgin Island,Asian,BVI2014,1.00E+08,pfue/ml,qRT-PCR,18,16,30,degree C,,,12,0.944,D,0.188,E
Amraoui et al. 2019,Ae. albopictus,Agdal Rabat Morocco,urban,,,F2,CHIKV,La Reunion,IOL,CHIKV 06.21,1.00E+07,ffu/mL,,28,8,28,degree C,80,percent,3,0.29,F,0.375,G
Amraoui et al. 2019,Ae. albopictus,Agdal Rabat Morocco,urban,,,F2,CHIKV,La Reunion,IOL,CHIKV 06.21,1.00E+07,ffu/mL,,30,16,28,degree C,80,percent,7,0.575,F,0.69,G
Amraoui et al. 2019,Ae. albopictus,Agdal Rabat Morocco,urban,,,F2,CHIKV,La Reunion,IOL,CHIKV 06.21,1.00E+07,ffu/mL,,26,17,28,degree C,80,percent,14,0.66,F,0.36,G
Amraoui et al. 2019,Ae. albopictus,Agdal Rabat Morocco,urban,,,F2,CHIKV,La Reunion,IOL,CHIKV 06.21,1.00E+07,ffu/mL,,27,23,28,degree C,80,percent,21,0.81,F,0.18,G
Balestrino et al. 2022,Ae. albopictus,Rimini Emilia-Romagna Italy,urban,,,F1,CHIKV,La Reunion,IOL,CHIKV 06.21,1.00E+08,TCID50/mL,rRT-PCR,16,16,27,degree C,85,percent,7,1,D,1,E
Bellone et al. 2023,Ae. albopictus,Montpellier France,urban,,,F4-6,CHIKV,La Reunion,IOL,E1-226V,1.00E+07,ffu/mL,RT-PCR,,31-35,20,degree C,80-90,percent,3,,,0,C
Bellone et al. 2023,Ae. albopictus,Montpellier France,urban,,,F4-6,CHIKV,La Reunion,IOL,E1-226V,1.00E+07,ffu/mL,RT-PCR,,31-35,20,degree C,80-90,percent,6,,,0.035,C
Bellone et al. 2023,Ae. albopictus,Montpellier France,urban,,,F4-6,CHIKV,La Reunion,IOL,E1-226V,1.00E+07,ffu/mL,RT-PCR,,31-35,20,degree C,80-90,percent,9,,,0.54,C
Bellone et al. 2023,Ae. albopictus,Montpellier France,urban,,,F4-6,CHIKV,La Reunion,IOL,E1-226V,1.00E+07,ffu/mL,RT-PCR,,31-35,20,degree C,80-90,percent,14,,,0.41,C
Bellone et al. 2023,Ae. albopictus,Montpellier France,urban,,,F4-6,CHIKV,La Reunion,IOL,E1-226V,1.00E+07,ffu/mL,RT-PCR,,31-35,28,degree C,80-90,percent,3,,,0.0331,C
Bellone et al. 2023,Ae. albopictus,Montpellier France,urban,,,F4-6,CHIKV,La Reunion,IOL,E1-226V,1.00E+07,ffu/mL,RT-PCR,,31-35,28,degree C,80-90,percent,6,,,0.251,C
Bellone et al. 2023,Ae. albopictus,Montpellier France,urban,,,F4-6,CHIKV,La Reunion,IOL,E1-226V,1.00E+07,ffu/mL,RT-PCR,,31-35,28,degree C,80-90,percent,9,,,0.32,C
Bellone et al. 2023,Ae. albopictus,Montpellier France,urban,,,F4-6,CHIKV,La Reunion,IOL,E1-226V,1.00E+07,ffu/mL,RT-PCR,,31-35,28,degree C,80-90,percent,14,,,0.25,C
Bohers et al. 2020,Ae. albopictus,Amilcar and La Marsa Tunisia,Turist_coastal_city ,,,F3,CHIKV,La Reunion,IOL,CHIKV 06.21,1.00E+07,ffu/mL,,23,19,28,degree C,80,percent,3,0.83,F,0.265,G
Bohers et al. 2020,Ae. albopictus,Amilcar and La Marsa Tunisia,Turist_coastal_city ,,,F3,CHIKV,La Reunion,IOL,CHIKV 06.21,1.00E+07,ffu/mL,,23,21,28,degree C,80,percent,7,0.92,F,0.38,G
Bohers et al. 2020,Ae. albopictus,Amilcar and La Marsa Tunisia,Turist_coastal_city ,,,F3,CHIKV,La Reunion,IOL,CHIKV 06.21,1.00E+07,ffu/mL,,21,20,28,degree C,80,percent,10,0.95,F,0.753,G
Bohers et al. 2020,Ae. albopictus,Amilcar and La Marsa Tunisia,Turist_coastal_city ,,,F3,CHIKV,La Reunion,IOL,CHIKV 06.21,1.00E+07,ffu/mL,,23,21,28,degree C,80,percent,14,0.92,F,0.526,G
Bohers et al. 2020,Ae. albopictus,Amilcar and La Marsa Tunisia,Turist_coastal_city ,,,F3,CHIKV,La Reunion,IOL,CHIKV 06.21,1.00E+07,ffu/mL,,19,18,28,degree C,80,percent,21,0.95,F,0.335,G
Bohers et al. 2020,Ae. albopictus,La Reunion,island ,,,F3,CHIKV,La Reunion,IOL,CHIKV 06.21,1.00E+07,ffu/mL,,21-30,21-30,28,degree C,80,percent,14,0.885,F,0.34,G
Bohers et al. 2024,Ae. albopictus,Ile-de-France,city,,,F2-3,CHIKV,France,ECSA,CHIKV 2010_1909,1.00E+07,ffu/mL,,9,4,28,degree C,,,3,0.44,F,0,G
Bohers et al. 2024,Ae. albopictus,Ile-de-France,city,,,F2-3,CHIKV,France,ECSA,CHIKV 2010_1909,1.00E+07,ffu/mL,,19,18,28,degree C,,,7,0.89,F,0.34,G
Bohers et al. 2024,Ae. albopictus,Ile-de-France,city,,,F2-3,CHIKV,France,ECSA,CHIKV 2010_1909,1.00E+07,ffu/mL,,19,16,28,degree C,,,14,0.79,F,0.31,G
Delang et al. 2018,Ae. albopictus,Nice France,city,,,F10,CHIKV,Mauritius,IOL,BNI-CHIKV_889,6.30E+06,PFU/mL,,29,24,28,degree C,80,percent,7,0.83,F,0.83,G
Delang et al. 2018,Ae. albopictus,Nice France,city,,,F10,CHIKV,Mauritius,IOL,BNI-CHIKV_889,6.30E+06,PFU/mL,,30,30,28,degree C,80,percent,7,0.81,B,0.68,C
Fortuna et al. 2018,Ae. albopictus,Scalea Italy,town,,,,CHIKV,Emilia Romagna,IOL,CHIKV_E1:A226V,3.80E+06,PFU/mL,,,,26,degree C,70,percent,0,0,F,0,G
Fortuna et al. 2018,Ae. albopictus,Scalea Italy,town,,,,CHIKV,Emilia Romagna,IOL,CHIKV_E1:A226V,3.80E+06,PFU/mL,,,,26,degree C,70,percent,3,1,F,0.86,G
Fortuna et al. 2018,Ae. albopictus,Scalea Italy,town,,,,CHIKV,Emilia Romagna,IOL,CHIKV_E1:A226V,3.80E+06,PFU/mL,,,,26,degree C,70,percent,14,1,F,0.5,G
Fortuna et al. 2018,Ae. albopictus,Scalea Italy,town,,,,CHIKV,Emilia Romagna,IOL,CHIKV_E1:A226V,3.80E+06,PFU/mL,,,,26,degree C,70,percent,20,1,F,0.8,G
Fortuna et al. 2018,Ae. albopictus,Scalea Italy,town,,,,CHIKV,Emilia Romagna,IOL,CHIKV_E1,9.77E+06,PFU/mL,,,,26,degree C,70,percent,0,0,F,0,G
Fortuna et al. 2018,Ae. albopictus,Scalea Italy,town,,,,CHIKV,Emilia Romagna,IOL,CHIKV_E1,9.77E+06,PFU/mL,,,,26,degree C,70,percent,3,0.75,F,0.75,G
Fortuna et al. 2018,Ae. albopictus,Scalea Italy,town,,,,CHIKV,Emilia Romagna,IOL,CHIKV_E1,9.77E+06,PFU/mL,,,,26,degree C,70,percent,14,1,F,0.8,G
Fortuna et al. 2018,Ae. albopictus,Scalea Italy,town,,,,CHIKV,Emilia Romagna,IOL,CHIKV_E1,9.77E+06,PFU/mL,,,,26,degree C,70,percent,20,0.8,F,0.8,G
Gloria-Soria et al. 2021,Ae. albopictus,Connecticut Bridgeport,city,,,F2-6,CHIKV,Dominican Republic,Asian,IDR140025461,2.51E+07,PFU/mL,RT-PCR,120,120,27/22,degree C,,,4,0.014,B,0.014,C
Gloria-Soria et al. 2021,Ae. albopictus,Connecticut Bridgeport,city,,,F2-6,CHIKV,Dominican Republic,Asian,IDR140025461,2.51E+07,PFU/mL,RT-PCR,120,120,27/22,degree C,,,7,0.28,B,0.007,C
Gloria-Soria et al. 2021,Ae. albopictus,Connecticut Bridgeport,city,,,F2-6,CHIKV,Dominican Republic,Asian,IDR140025461,2.51E+07,PFU/mL,RT-PCR,120,120,27/22,degree C,,,14,0.29,B,0.002,C
Gloria-Soria et al. 2021,Ae. albopictus,Connecticut Branford,shoreline town,,,F2-6,CHIKV,Dominican Republic,Asian,IDR140025461,2.51E+07,PFU/mL,RT-PCR,120,120,27/22,degree C,,,4,0.066,B,0.03,C
Gloria-Soria et al. 2021,Ae. albopictus,Connecticut Branford,shoreline town,,,F2-6,CHIKV,Dominican Republic,Asian,IDR140025461,2.51E+07,PFU/mL,RT-PCR,120,120,27/22,degree C,,,7,0.26,B,0.0014,C
Gloria-Soria et al. 2021,Ae. albopictus,Connecticut Branford,shoreline town,,,F2-6,CHIKV,Dominican Republic,Asian,IDR140025461,2.51E+07,PFU/mL,RT-PCR,120,120,27/22,degree C,,,14,0.38,B,0.005,C
Gloria-Soria et al. 2021,Ae. albopictus,New York Fire Island,island ,,,F2-6,CHIKV,Dominican Republic,Asian,IDR140025461,2.51E+07,PFU/mL,RT-PCR,120,120,27/22,degree C,,,7,0.44,B,0.0004,C
Gloria-Soria et al. 2021,Ae. albopictus,New York Fire Island,island ,,,F2-6,CHIKV,Dominican Republic,Asian,IDR140025461,2.51E+07,PFU/mL,RT-PCR,120,120,27/22,degree C,,,4,0.77,B,0.0004,C
Gloria-Soria et al. 2021,Ae. albopictus,New York Fire Island,island ,,,F2-6,CHIKV,Dominican Republic,Asian,IDR140025461,2.51E+07,PFU/mL,RT-PCR,120,120,27/22,degree C,,,14,0.98,B,0.011,C
Gloria-Soria et al. 2021,Ae. albopictus,New York Spring Valley,village,,,F2-6,CHIKV,Dominican Republic,Asian,IDR140025461,2.51E+07,PFU/mL,RT-PCR,120,120,27/22,degree C,,,4,0.72,B,0.043,C
Gloria-Soria et al. 2021,Ae. albopictus,New York Spring Valley,village,,,F2-6,CHIKV,Dominican Republic,Asian,IDR140025461,2.51E+07,PFU/mL,RT-PCR,120,120,27/22,degree C,,,7,0.9,B,0.067,C
Gloria-Soria et al. 2021,Ae. albopictus,New York Spring Valley,village,,,F2-6,CHIKV,Dominican Republic,Asian,IDR140025461,2.51E+07,PFU/mL,RT-PCR,120,120,27/22,degree C,,,14,0.98,B,0.02,C
Gloria-Soria et al. 2021,Ae. albopictus,Connecticut Bridgeport,city,,,F6-9,CHIKV,La Reunion,IOL,LR2006OPY1,2.51E+07,PFU/mL,RT-PCR,120,120,27/22,degree C,,,4,0.41,B,0.12,C
Gloria-Soria et al. 2021,Ae. albopictus,Connecticut Bridgeport,city,,,F6-9,CHIKV,La Reunion,IOL,LR2006OPY1,2.51E+07,PFU/mL,RT-PCR,120,120,27/22,degree C,,,7,0.62,B,0.15,C
Gloria-Soria et al. 2021,Ae. albopictus,Connecticut Bridgeport,city,,,F6-9,CHIKV,La Reunion,IOL,LR2006OPY1,2.51E+07,PFU/mL,RT-PCR,120,120,27/22,degree C,,,14,0.64,B,0.04,C
Gloria-Soria et al. 2021,Ae. albopictus,Connecticut Branford,shoreline town,,,F6-9,CHIKV,La Reunion,IOL,LR2006OPY1,2.51E+07,PFU/mL,RT-PCR,120,120,27/22,degree C,,,4,0.24,B,0.001,C
Gloria-Soria et al. 2021,Ae. albopictus,Connecticut Branford,shoreline town,,,F6-9,CHIKV,La Reunion,IOL,LR2006OPY1,2.51E+07,PFU/mL,RT-PCR,120,120,27/22,degree C,,,7,0.37,B,0.23,C
Gloria-Soria et al. 2021,Ae. albopictus,Connecticut Branford,shoreline town,,,F6-9,CHIKV,La Reunion,IOL,LR2006OPY1,2.51E+07,PFU/mL,RT-PCR,120,120,27/22,degree C,,,14,0.6,B,0.16,C
Gloria-Soria et al. 2021,Ae. albopictus,New York Fire Island,island ,,,F6-9,CHIKV,La Reunion,IOL,LR2006OPY1,2.51E+07,PFU/mL,RT-PCR,120,120,27/22,degree C,,,4,0.68,B,0.1,C
Gloria-Soria et al. 2021,Ae. albopictus,New York Fire Island,island ,,,F6-9,CHIKV,La Reunion,IOL,LR2006OPY1,2.51E+07,PFU/mL,RT-PCR,120,120,27/22,degree C,,,7,0.93,B,0.2,C
Gloria-Soria et al. 2021,Ae. albopictus,New York Fire Island,island ,,,F6-9,CHIKV,La Reunion,IOL,LR2006OPY1,2.51E+07,PFU/mL,RT-PCR,120,120,27/22,degree C,,,14,0.92,B,0.1,C
Gloria-Soria et al. 2021,Ae. albopictus,New York Spring Valley,village,,,F6-9,CHIKV,La Reunion,IOL,LR2006OPY1,2.51E+07,PFU/mL,RT-PCR,120,120,27/22,degree C,,,4,0.87,B,0.13,C
Gloria-Soria et al. 2021,Ae. albopictus,New York Spring Valley,village,,,F6-9,CHIKV,La Reunion,IOL,LR2006OPY1,2.51E+07,PFU/mL,RT-PCR,120,120,27/22,degree C,,,7,0.95,B,0.27,C
Gloria-Soria et al. 2021,Ae. albopictus,New York Spring Valley,village,,,F6-9,CHIKV,La Reunion,IOL,LR2006OPY1,2.51E+07,PFU/mL,RT-PCR,120,120,27/22,degree C,,,14,0.99,B,0.02,C
Heitmann et al. 2018,Ae. albopictus,Mandatoriccio Italy,town,,,F8-10,CHIKV,France,ECSA,CNR_24/2014,1.00E+06,PFU/mL,RT-PCR,,30,18,degree C,80,percent,14,,,0.63,J
Heitmann et al. 2018,Ae. albopictus,Mandatoriccio Italy,town,,,F8-10,CHIKV,France,ECSA,CNR_24/2014,1.00E+06,PFU/mL,RT-PCR,,30,21,degree C,80,percent,14,,,0.63,J
Heitmann et al. 2018,Ae. albopictus,Mandatoriccio Italy,town,,,F8-10,CHIKV,France,ECSA,CNR_24/2014,1.00E+06,PFU/mL,RT-PCR,,24,24,degree C,80,percent,14,,,0.375,J
Heitmann et al. 2018,Ae. albopictus,Freiburg Germany,city,,,F8-10,CHIKV,France,ECSA,CNR_24/2014,1.00E+06,PFU/mL,RT-PCR,,32,18,degree C,80,percent,14,,,0.5,J
Heitmann et al. 2018,Ae. albopictus,Freiburg Germany,city,,,F8-10,CHIKV,France,ECSA,CNR_24/2014,1.00E+06,PFU/mL,RT-PCR,,23,21,degree C,80,percent,14,,,0.39,J
Heitmann et al. 2018,Ae. albopictus,Freiburg Germany,city,,,F8-10,CHIKV,France,ECSA,CNR_24/2014,1.00E+06,PFU/mL,RT-PCR,,24,24,degree C,80,percent,14,,,0.375,J
Honorio et al. 2018,Ae. albopictus,"Manguinhos, Rio de Janeiro",urban,,,F3,CHIKV,British Virgin Island,Asian,BVI2014,1.99E+07,pfue/ml,qRT-PCR,29,17,28,degree C,,,2,0.81,D,0.81,E
Honorio et al. 2018,Ae. albopictus,"Manguinhos, Rio de Janeiro",urban,,,F3,CHIKV,British Virgin Island,Asian,BVI2014,1.99E+07,pfue/ml,qRT-PCR,31,26,28,degree C,,,5,0.98,D,0.68,E
Honorio et al. 2018,Ae. albopictus,"Manguinhos, Rio de Janeiro",urban,,,F3,CHIKV,British Virgin Island,Asian,BVI2014,1.99E+07,pfue/ml,qRT-PCR,30,17,28,degree C,,,13,0.92,D,0.23,E
Honorio et al. 2018,Ae. albopictus,Okeechobee Co. Florida,rural,,,F2,CHIKV,British Virgin Island,Asian,BVI2014,1.99E+07,pfue/ml,qRT-PCR,30,16,28,degree C,,,2,0.84,D,0.12,E
Honorio et al. 2018,Ae. albopictus,Okeechobee Co. Florida,rural,,,F2,CHIKV,British Virgin Island,Asian,BVI2014,1.99E+07,pfue/ml,qRT-PCR,32,24,28,degree C,,,5,0.9,D,0.37,E
Honorio et al. 2018,Ae. albopictus,Okeechobee Co. Florida,rural,,,F2,CHIKV,British Virgin Island,Asian,BVI2014,1.99E+07,pfue/ml,qRT-PCR,32,17,28,degree C,,,13,0.99,D,0.17,E
Karliuk et al. 2021,Ae. albopictus,Cesena Italy,urban,,,F11-13,CHIKV,Mauritius,ECSA,CHIKV-DR,1.00E+06,PFU/mL,RT-PCR,7,6,28,degree C,80,percent,7,0.86,D,0.5,E
Karliuk et al. 2021,Ae. albopictus,Cesena Italy,urban,,,F11-13,CHIKV,Mauritius,ECSA,CHIKV-DR,1.00E+06,PFU/mL,RT-PCR,9,9,28,degree C,80,percent,14,1,D,0.67,E
Ledermann et al. 2017,Ae. albopictus,lake charles Louisiana,urban,,,,CHIKV,British Virgin Island,Asian,BVI2014,7.94E+02,PFU/mL,RT-PCR,30,20,28,degree C,,,8,0,D,0,E
Ledermann et al. 2017,Ae. albopictus,lake charles Louisiana,urban,,,,CHIKV,British Virgin Island,Asian,BVI2014,7.94E+03,PFU/mL,RT-PCR,14,20,28,degree C,,,8,0.93,D,0.67,E
Ledermann et al. 2017,Ae. albopictus,lake charles Louisiana,urban,,,,CHIKV,British Virgin Island,Asian,BVI2014,3.98E+04,PFU/mL,RT-PCR,23,20,28,degree C,,,8,0.96,D,0.67,E
Ledermann et al. 2017,Ae. albopictus,lake charles Louisiana,urban,,,,CHIKV,British Virgin Island,Asian,BVI2014,5.01E+04,PFU/mL,RT-PCR,33,20,28,degree C,,,8,0.97,D,0.94,E
Mariconti et al. 2019,Ae. albopictus,Faliro Greece,urban,,,F2,CHIKV,La Reunion,IOL,CHIKV 06.21,1.00E+07,FFu/mL,,23,17,28,degree C,,,7,0.74,H,0.41,I
Mariconti et al. 2019,Ae. albopictus,Faliro Greece,urban,,,F2,CHIKV,La Reunion,IOL,CHIKV 06.21,1.00E+07,FFu/mL,,19,18,28,degree C,,,14,0.95,H,0.5,I
Mariconti et al. 2019,Ae. albopictus,Tivat Montenegro,coastal urban,,,F2,CHIKV,La Reunion,IOL,CHIKV 06.21,1.00E+07,FFu/mL,,19,13,28,degree C,,,7,0.63,H,0.46,I
Mariconti et al. 2019,Ae. albopictus,Tivat Montenegro,coastal urban,,,F2,CHIKV,La Reunion,IOL,CHIKV 06.21,1.00E+07,FFu/mL,,23,15,28,degree C,,,14,0.65,H,0.33,I
Mariconti et al. 2019,Ae. albopictus,Mirogoj Croatia,urban,,,F2-3,CHIKV,La Reunion,IOL,CHIKV 06.21,1.00E+07,FFu/mL,,14,13,28,degree C,,,7,0.93,H,0.07,I
Mariconti et al. 2019,Ae. albopictus,Mirogoj Croatia,urban,,,F2-3,CHIKV,La Reunion,IOL,CHIKV 06.21,1.00E+07,FFu/mL,,22,18,28,degree C,,,14,0.82,H,0.28,I
Mariconti et al. 2019,Ae. albopictus,Velika Croatia,rural,,,F2-3,CHIKV,La Reunion,IOL,CHIKV 06.21,1.00E+07,FFu/mL,,16,9,28,degree C,,,7,0.56,H,0.44,I
Mariconti et al. 2019,Ae. albopictus,Velika Croatia,rural,,,F2-3,CHIKV,La Reunion,IOL,CHIKV 06.21,1.00E+07,FFu/mL,,20,19,28,degree C,,,14,0.95,H,0.26,I
Mariconti et al. 2019,Ae. albopictus,Cesena Italy,urban,,,F3,CHIKV,La Reunion,IOL,CHIKV 06.21,1.00E+07,FFu/mL,,23,13,28,degree C,,,7,0.57,H,0.62,I
Mariconti et al. 2019,Ae. albopictus,Cesena Italy,urban,,,F3,CHIKV,La Reunion,IOL,CHIKV 06.21,1.00E+07,FFu/mL,,24,20,28,degree C,,,14,0.83,H,0.35,I
Mariconti et al. 2019,Ae. albopictus,Cesena Italy,urban,,,F3,CHIKV,La Reunion,IOL,CHIKV 06.21,1.00E+07,FFu/mL,,22,9,28,degree C,,,7,0.41,H,0.66,I
Mariconti et al. 2019,Ae. albopictus,Cesena Italy,urban,,,F3,CHIKV,La Reunion,IOL,CHIKV 06.21,1.00E+07,FFu/mL,,24,19,28,degree C,,,14,0.79,H,0.47,I
Mariconti et al. 2019,Ae. albopictus,Arogno Switzerland,rural,,,F2,CHIKV,La Reunion,IOL,CHIKV 06.21,1.00E+07,FFu/mL,,12,7,28,degree C,,,7,0.58,H,0.29,I
Mariconti et al. 2019,Ae. albopictus,Arogno Switzerland,rural,,,F2,CHIKV,La Reunion,IOL,CHIKV 06.21,1.00E+07,FFu/mL,,16,11,28,degree C,,,14,0.69,H,0.27,I
Mariconti et al. 2019,Ae. albopictus,Tenero Switzerland,suburb,,,F3-4,CHIKV,La Reunion,IOL,CHIKV 06.21,1.00E+07,FFu/mL,,24,19,28,degree C,,,7,0.79,H,0.68,I
Mariconti et al. 2019,Ae. albopictus,Tenero Switzerland,suburb,,,F3-4,CHIKV,La Reunion,IOL,CHIKV 06.21,1.00E+07,FFu/mL,,22,15,28,degree C,,,14,0.68,H,0.33,I
Mariconti et al. 2019,Ae. albopictus,Canton China,urban,,,F1,CHIKV,La Reunion,IOL,CHIKV 06.21,1.00E+07,FFu/mL,,23,19,28,degree C,,,7,0.83,H,0.63,I
Mariconti et al. 2019,Ae. albopictus,Canton China,urban,,,F1,CHIKV,La Reunion,IOL,CHIKV 06.21,1.00E+07,FFu/mL,,23,20,28,degree C,,,14,0.87,H,0.1,I
Mercier et al. 2022,Ae. albopictus,Urban park Dreri Albania,urban forest,,,F4-5,CHIKV,La Reunion,IOL,CHIKV 06.21,1.00E+07,FFu/mL,,13,13,20,degree C,,,3,0,B,0,C
Mercier et al. 2022,Ae. albopictus,Urban park Dreri Albania,urban forest,,,F4-5,CHIKV,La Reunion,IOL,CHIKV 06.21,1.00E+07,FFu/mL,,20,20,20,degree C,,,7,0.45,B,0.1,C
Mercier et al. 2022,Ae. albopictus,Urban park Dreri Albania,urban forest,,,F4-5,CHIKV,La Reunion,IOL,CHIKV 06.21,1.00E+07,FFu/mL,,20,20,20,degree C,,,10,0.45,B,0.4,C
Mercier et al. 2022,Ae. albopictus,Urban park Dreri Albania,urban forest,,,F4-5,CHIKV,La Reunion,IOL,CHIKV 06.21,1.00E+07,FFu/mL,,20,20,20,degree C,,,14,0.55,B,0.4,C
Mercier et al. 2022,Ae. albopictus,Urban park Dreri Albania,urban forest,,,F4-5,CHIKV,La Reunion,IOL,CHIKV 06.21,1.00E+07,FFu/mL,,20,20,20,degree C,,,21,0.55,B,0.45,C
Mercier et al. 2022,Ae. albopictus,Urban park Dreri Albania,urban forest,,,F4-5,CHIKV,La Reunion,IOL,CHIKV 06.21,1.00E+07,FFu/mL,,18,18,28,degree C,,,3,0.388,B,0.166,C
Mercier et al. 2022,Ae. albopictus,Urban park Dreri Albania,urban forest,,,F4-5,CHIKV,La Reunion,IOL,CHIKV 06.21,1.00E+07,FFu/mL,,18,18,28,degree C,,,7,0.833,B,0.666,C
Mercier et al. 2022,Ae. albopictus,Urban park Dreri Albania,urban forest,,,F4-5,CHIKV,La Reunion,IOL,CHIKV 06.21,1.00E+07,FFu/mL,,16,16,28,degree C,,,10,0.625,B,0.3125,C
Mercier et al. 2022,Ae. albopictus,Urban park Dreri Albania,urban forest,,,F4-5,CHIKV,La Reunion,IOL,CHIKV 06.21,1.00E+07,FFu/mL,,17,17,28,degree C,,,14,0.8235,B,0.47,C
Mercier et al. 2022,Ae. albopictus,Urban park Dreri Albania,urban forest,,,F4-5,CHIKV,La Reunion,IOL,CHIKV 06.21,1.00E+07,FFu/mL,,15,15,28,degree C,,,21,0.733,B,0.266,C
Mercier et al. 2022,Ae. albopictus,Prisk Village Down Albania,rural,,,F4-5,CHIKV,La Reunion,IOL,CHIKV 06.21,1.00E+07,FFu/mL,,15,15,20,degree C,,,3,0.066,B,0.066,C
Mercier et al. 2022,Ae. albopictus,Prisk Village Down Albania,rural,,,F4-5,CHIKV,La Reunion,IOL,CHIKV 06.21,1.00E+07,FFu/mL,,20,20,20,degree C,,,7,0.35,B,0.15,C
Mercier et al. 2022,Ae. albopictus,Prisk Village Down Albania,rural,,,F4-5,CHIKV,La Reunion,IOL,CHIKV 06.21,1.00E+07,FFu/mL,,19,19,20,degree C,,,10,0.578,B,0.4736,C
Mercier et al. 2022,Ae. albopictus,Prisk Village Down Albania,rural,,,F4-5,CHIKV,La Reunion,IOL,CHIKV 06.21,1.00E+07,FFu/mL,,20,20,20,degree C,,,14,0.45,B,0.3,C
Mercier et al. 2022,Ae. albopictus,Prisk Village Down Albania,rural,,,F4-5,CHIKV,La Reunion,IOL,CHIKV 06.21,1.00E+07,FFu/mL,,20,20,20,degree C,,,21,0.9,B,0.6,C
Mercier et al. 2022,Ae. albopictus,Prisk Village Down Albania,rural,,,F4-5,CHIKV,La Reunion,IOL,CHIKV 06.21,1.00E+07,FFu/mL,,21,21,28,degree C,,,3,0.19,B,0.0476,C
Mercier et al. 2022,Ae. albopictus,Prisk Village Down Albania,rural,,,F4-5,CHIKV,La Reunion,IOL,CHIKV 06.21,1.00E+07,FFu/mL,,18,18,28,degree C,,,7,0.555,B,0.388,C
Mercier et al. 2022,Ae. albopictus,Prisk Village Down Albania,rural,,,F4-5,CHIKV,La Reunion,IOL,CHIKV 06.21,1.00E+07,FFu/mL,,19,19,28,degree C,,,10,0.526,B,0.263,C
Mercier et al. 2022,Ae. albopictus,Prisk Village Down Albania,rural,,,F4-5,CHIKV,La Reunion,IOL,CHIKV 06.21,1.00E+07,FFu/mL,,21,21,28,degree C,,,14,0.619,B,0.19,C
Mercier et al. 2022,Ae. albopictus,Prisk Village Down Albania,rural,,,F4-5,CHIKV,La Reunion,IOL,CHIKV 06.21,1.00E+07,FFu/mL,,20,20,28,degree C,,,21,0.9,B,0.25,C
Mercier et al. 2022,Ae. albopictus,Forest check point Trau Albania,forest,,,F4-5,CHIKV,La Reunion,IOL,CHIKV 06.21,1.00E+07,FFu/mL,,15,15,20,degree C,,,3,0,B,0,C
Mercier et al. 2022,Ae. albopictus,Forest check point Trau Albania,forest,,,F4-5,CHIKV,La Reunion,IOL,CHIKV 06.21,1.00E+07,FFu/mL,,20,20,20,degree C,,,7,0.5,B,0.1,C
Mercier et al. 2022,Ae. albopictus,Forest check point Trau Albania,forest,,,F4-5,CHIKV,La Reunion,IOL,CHIKV 06.21,1.00E+07,FFu/mL,,20,20,20,degree C,,,10,0.65,B,0.5,C
Mercier et al. 2022,Ae. albopictus,Forest check point Trau Albania,forest,,,F4-5,CHIKV,La Reunion,IOL,CHIKV 06.21,1.00E+07,FFu/mL,,20,20,20,degree C,,,14,0.8,B,0.45,C
Mercier et al. 2022,Ae. albopictus,Forest check point Trau Albania,forest,,,F4-5,CHIKV,La Reunion,IOL,CHIKV 06.21,1.00E+07,FFu/mL,,20,20,20,degree C,,,21,0.95,B,0.4,C
Mercier et al. 2022,Ae. albopictus,Forest check point Trau Albania,forest,,,F4-5,CHIKV,La Reunion,IOL,CHIKV 06.21,1.00E+07,FFu/mL,,19,19,28,degree C,,,3,0.5789,B,0.105,C
Mercier et al. 2022,Ae. albopictus,Forest check point Trau Albania,forest,,,F4-5,CHIKV,La Reunion,IOL,CHIKV 06.21,1.00E+07,FFu/mL,,18,18,28,degree C,,,7,0.888,B,0.722,C
Mercier et al. 2022,Ae. albopictus,Forest check point Trau Albania,forest,,,F4-5,CHIKV,La Reunion,IOL,CHIKV 06.21,1.00E+07,FFu/mL,,19,19,28,degree C,,,10,0.947,B,0.4736,C
Mercier et al. 2022,Ae. albopictus,Forest check point Trau Albania,forest,,,F4-5,CHIKV,La Reunion,IOL,CHIKV 06.21,1.00E+07,FFu/mL,,20,20,28,degree C,,,14,0.85,B,0.4,C
Mercier et al. 2022,Ae. albopictus,Forest check point Trau Albania,forest,,,F4-5,CHIKV,La Reunion,IOL,CHIKV 06.21,1.00E+07,FFu/mL,,20,20,28,degree C,,,21,0.95,B,0.15,C
Mercier et al. 2022,Ae. albopictus,Gov Residence Albania,forest,,,F4-5,CHIKV,La Reunion,IOL,CHIKV 06.21,1.00E+07,FFu/mL,,15,15,20,degree C,,,3,0.1818,B,0,C
Mercier et al. 2022,Ae. albopictus,Gov Residence Albania,forest,,,F4-5,CHIKV,La Reunion,IOL,CHIKV 06.21,1.00E+07,FFu/mL,,20,20,20,degree C,,,7,0.8,B,0.35,C
Mercier et al. 2022,Ae. albopictus,Gov Residence Albania,forest,,,F4-5,CHIKV,La Reunion,IOL,CHIKV 06.21,1.00E+07,FFu/mL,,20,20,20,degree C,,,10,0.933,B,0.8667,C
Mercier et al. 2022,Ae. albopictus,Gov Residence Albania,forest,,,F4-5,CHIKV,La Reunion,IOL,CHIKV 06.21,1.00E+07,FFu/mL,,20,20,20,degree C,,,14,0.85,B,0.65,C
Mercier et al. 2022,Ae. albopictus,Gov Residence Albania,forest,,,F4-5,CHIKV,La Reunion,IOL,CHIKV 06.21,1.00E+07,FFu/mL,,20,20,20,degree C,,,21,0.95,B,0.55,C
Mercier et al. 2022,Ae. albopictus,Gov Residence Albania,forest,,,F4-5,CHIKV,La Reunion,IOL,CHIKV 06.21,1.00E+07,FFu/mL,,19,19,28,degree C,,,3,0.636,B,0.0909,C
Mercier et al. 2022,Ae. albopictus,Gov Residence Albania,forest,,,F4-5,CHIKV,La Reunion,IOL,CHIKV 06.21,1.00E+07,FFu/mL,,18,18,28,degree C,,,7,0.846,B,0.615,C
Mercier et al. 2022,Ae. albopictus,Gov Residence Albania,forest,,,F4-5,CHIKV,La Reunion,IOL,CHIKV 06.21,1.00E+07,FFu/mL,,19,19,28,degree C,,,10,0.916,B,0.333,C
Mercier et al. 2022,Ae. albopictus,Gov Residence Albania,forest,,,F4-5,CHIKV,La Reunion,IOL,CHIKV 06.21,1.00E+07,FFu/mL,,20,20,28,degree C,,,14,0.8,B,0.2,C
Mercier et al. 2022,Ae. albopictus,Gov Residence Albania,forest,,,F4-5,CHIKV,La Reunion,IOL,CHIKV 06.21,1.00E+07,FFu/mL,,20,20,28,degree C,,,21,0.95,B,0.3,C
Mercier et al. 2022,Ae. albopictus,Urban park Dreri Albania,urban,,,F4-5,CHIKV,La Reunion,IOL,CHIKV 06.21,1.00E+07,FFu/mL,,,0,20,degree C,,,3,,,,G
Mercier et al. 2022,Ae. albopictus,Urban park Dreri Albania,urban,,,F4-5,CHIKV,La Reunion,IOL,CHIKV 06.21,1.00E+07,FFu/mL,,,9,20,degree C,,,7,,,0.22,G
Mercier et al. 2022,Ae. albopictus,Urban park Dreri Albania,urban,,,F4-5,CHIKV,La Reunion,IOL,CHIKV 06.21,1.00E+07,FFu/mL,,,9,20,degree C,,,10,,,0.889,G
Mercier et al. 2022,Ae. albopictus,Urban park Dreri Albania,urban,,,F4-5,CHIKV,La Reunion,IOL,CHIKV 06.21,1.00E+07,FFu/mL,,,11,20,degree C,,,14,,,0.727,G
Mercier et al. 2022,Ae. albopictus,Urban park Dreri Albania,urban,,,F4-5,CHIKV,La Reunion,IOL,CHIKV 06.21,1.00E+07,FFu/mL,,,11,20,degree C,,,21,,,0.818,G
Mercier et al. 2022,Ae. albopictus,Urban park Dreri Albania,urban,,,F4-5,CHIKV,La Reunion,IOL,CHIKV 06.21,1.00E+07,FFu/mL,,,7,20,degree C,,,3,,,0.429,G
Mercier et al. 2022,Ae. albopictus,Urban park Dreri Albania,urban,,,F4-5,CHIKV,La Reunion,IOL,CHIKV 06.21,1.00E+07,FFu/mL,,,15,20,degree C,,,7,,,0.8,G
Mercier et al. 2022,Ae. albopictus,Urban park Dreri Albania,urban,,,F4-5,CHIKV,La Reunion,IOL,CHIKV 06.21,1.00E+07,FFu/mL,,,10,20,degree C,,,10,,,0.5,G
Mercier et al. 2022,Ae. albopictus,Urban park Dreri Albania,urban,,,F4-5,CHIKV,La Reunion,IOL,CHIKV 06.21,1.00E+07,FFu/mL,,,14,20,degree C,,,14,,,0.57,G
Mercier et al. 2022,Ae. albopictus,Urban park Dreri Albania,urban,,,F4-5,CHIKV,La Reunion,IOL,CHIKV 06.21,1.00E+07,FFu/mL,,,11,20,degree C,,,21,,,0.364,G
Mercier et al. 2022,Ae. albopictus,Prisk Village Down Albania,rural,,,F4-5,CHIKV,La Reunion,IOL,CHIKV 06.21,1.00E+07,FFu/mL,,,1,20,degree C,,,3,,,1,G
Mercier et al. 2022,Ae. albopictus,Prisk Village Down Albania,rural,,,F4-5,CHIKV,La Reunion,IOL,CHIKV 06.21,1.00E+07,FFu/mL,,,7,20,degree C,,,7,,,0.429,G
Mercier et al. 2022,Ae. albopictus,Prisk Village Down Albania,rural,,,F4-5,CHIKV,La Reunion,IOL,CHIKV 06.21,1.00E+07,FFu/mL,,,11,20,degree C,,,10,,,0.818,G
Mercier et al. 2022,Ae. albopictus,Prisk Village Down Albania,rural,,,F4-5,CHIKV,La Reunion,IOL,CHIKV 06.21,1.00E+07,FFu/mL,,,9,20,degree C,,,14,,,0.667,G
Mercier et al. 2022,Ae. albopictus,Prisk Village Down Albania,rural,,,F4-5,CHIKV,La Reunion,IOL,CHIKV 06.21,1.00E+07,FFu/mL,,,18,20,degree C,,,21,,,0.667,G
Mercier et al. 2022,Ae. albopictus,Prisk Village Down Albania,rural,,,F4-5,CHIKV,La Reunion,IOL,CHIKV 06.21,1.00E+07,FFu/mL,,,4,28,degree C,,,3,,,0.25,G
Mercier et al. 2022,Ae. albopictus,Prisk Village Down Albania,rural,,,F4-5,CHIKV,La Reunion,IOL,CHIKV 06.21,1.00E+07,FFu/mL,,,10,28,degree C,,,7,,,0.7,G
Mercier et al. 2022,Ae. albopictus,Prisk Village Down Albania,rural,,,F4-5,CHIKV,La Reunion,IOL,CHIKV 06.21,1.00E+07,FFu/mL,,,10,28,degree C,,,10,,,0.5,G
Mercier et al. 2022,Ae. albopictus,Prisk Village Down Albania,rural,,,F4-5,CHIKV,La Reunion,IOL,CHIKV 06.21,1.00E+07,FFu/mL,,,13,28,degree C,,,14,,,0.308,G
Mercier et al. 2022,Ae. albopictus,Prisk Village Down Albania,rural,,,F4-5,CHIKV,La Reunion,IOL,CHIKV 06.21,1.00E+07,FFu/mL,,,18,28,degree C,,,21,,,0.278,G
Mercier et al. 2022,Ae. albopictus,Forest check point Trau Albania,forest,,,F4-5,CHIKV,La Reunion,IOL,CHIKV 06.21,1.00E+07,FFu/mL,,,,20,degree C,,,3,,,,G
Mercier et al. 2022,Ae. albopictus,Forest check point Trau Albania,forest,,,F4-5,CHIKV,La Reunion,IOL,CHIKV 06.21,1.00E+07,FFu/mL,,,10,20,degree C,,,7,,,0.2,G
Mercier et al. 2022,Ae. albopictus,Forest check point Trau Albania,forest,,,F4-5,CHIKV,La Reunion,IOL,CHIKV 06.21,1.00E+07,FFu/mL,,,13,20,degree C,,,10,,,0.769,G
Mercier et al. 2022,Ae. albopictus,Forest check point Trau Albania,forest,,,F4-5,CHIKV,La Reunion,IOL,CHIKV 06.21,1.00E+07,FFu/mL,,,16,20,degree C,,,14,,,0.562,G
Mercier et al. 2022,Ae. albopictus,Forest check point Trau Albania,forest,,,F4-5,CHIKV,La Reunion,IOL,CHIKV 06.21,1.00E+07,FFu/mL,,,19,20,degree C,,,21,,,0.421,G
Mercier et al. 2022,Ae. albopictus,Forest check point Trau Albania,forest,,,F4-5,CHIKV,La Reunion,IOL,CHIKV 06.21,1.00E+07,FFu/mL,,,11,28,degree C,,,3,,,0.182,G
Mercier et al. 2022,Ae. albopictus,Forest check point Trau Albania,forest,,,F4-5,CHIKV,La Reunion,IOL,CHIKV 06.21,1.00E+07,FFu/mL,,,16,28,degree C,,,7,,,0.812,G
Mercier et al. 2022,Ae. albopictus,Forest check point Trau Albania,forest,,,F4-5,CHIKV,La Reunion,IOL,CHIKV 06.21,1.00E+07,FFu/mL,,,18,28,degree C,,,10,,,0.5,G
Mercier et al. 2022,Ae. albopictus,Forest check point Trau Albania,forest,,,F4-5,CHIKV,La Reunion,IOL,CHIKV 06.21,1.00E+07,FFu/mL,,,17,28,degree C,,,14,,,0.471,G
Mercier et al. 2022,Ae. albopictus,Forest check point Trau Albania,forest,,,F4-5,CHIKV,La Reunion,IOL,CHIKV 06.21,1.00E+07,FFu/mL,,,19,28,degree C,,,21,,,0.158,G
Mercier et al. 2022,Ae. albopictus,Gov Residence Albania,forest,,,F4-5,CHIKV,La Reunion,IOL,CHIKV 06.21,1.00E+07,FFu/mL,,,2,20,degree C,,,3,,,0,G
Mercier et al. 2022,Ae. albopictus,Gov Residence Albania,forest,,,F4-5,CHIKV,La Reunion,IOL,CHIKV 06.21,1.00E+07,FFu/mL,,,16,20,degree C,,,7,,,0.438,G
Mercier et al. 2022,Ae. albopictus,Gov Residence Albania,forest,,,F4-5,CHIKV,La Reunion,IOL,CHIKV 06.21,1.00E+07,FFu/mL,,,14,20,degree C,,,10,,,0.929,G
Mercier et al. 2022,Ae. albopictus,Gov Residence Albania,forest,,,F4-5,CHIKV,La Reunion,IOL,CHIKV 06.21,1.00E+07,FFu/mL,,,17,20,degree C,,,14,,,0.765,G
Mercier et al. 2022,Ae. albopictus,Gov Residence Albania,forest,,,F4-5,CHIKV,La Reunion,IOL,CHIKV 06.21,1.00E+07,FFu/mL,,,19,20,degree C,,,21,,,0.579,G
Mercier et al. 2022,Ae. albopictus,Gov Residence Albania,forest,,,F4-5,CHIKV,La Reunion,IOL,CHIKV 06.21,1.00E+07,FFu/mL,,,7,28,degree C,,,3,,,0.143,G
Mercier et al. 2022,Ae. albopictus,Gov Residence Albania,forest,,,F4-5,CHIKV,La Reunion,IOL,CHIKV 06.21,1.00E+07,FFu/mL,,,11,28,degree C,,,7,,,0.727,G
Mercier et al. 2022,Ae. albopictus,Gov Residence Albania,forest,,,F4-5,CHIKV,La Reunion,IOL,CHIKV 06.21,1.00E+07,FFu/mL,,,11,28,degree C,,,10,,,0.364,G
Mercier et al. 2022,Ae. albopictus,Gov Residence Albania,forest,,,F4-5,CHIKV,La Reunion,IOL,CHIKV 06.21,1.00E+07,FFu/mL,,,12,28,degree C,,,14,,,0.25,G
Mercier et al. 2022,Ae. albopictus,Gov Residence Albania,forest,,,F4-5,CHIKV,La Reunion,IOL,CHIKV 06.21,1.00E+07,FFu/mL,,,19,28,degree C,,,21,,,0.316,G
Ngoagouni et al. 2017,Ae. albopictus,Bangui CAR,city,,,,CHIKV,CAR,ECSA,ArB10262,2.00E+07,PFU/mL,qRT-PCR,7,3,28,degree C,75,percent,7,0.42,F,0,G
Ngoagouni et al. 2017,Ae. albopictus,Bangui CAR,city,,,,CHIKV,CAR,ECSA,ArB10262,2.00E+07,PFU/mL,qRT-PCR,5,4,28,degree C,75,percent,14,0.8,F,0.75,G
Nicholson et al. 2014,Ae. albopictus,Masig island Queensland Aus.,island ,,,F1,CHIKV,La Reunion,IOL,IO2006,6.31E+04,TCID50/mL,ELISA,,,22,degree C,66,percent,0,,F,,G
Nicholson et al. 2014,Ae. albopictus,Masig island Queensland Aus.,island ,,,F1,CHIKV,La Reunion,IOL,IO2006,6.31E+04,TCID50/mL,ELISA,,,22,degree C,66,percent,2,,F,,G
Nicholson et al. 2014,Ae. albopictus,Masig island Queensland Aus.,island ,,,F1,CHIKV,La Reunion,IOL,IO2006,6.31E+04,TCID50/mL,ELISA,3,2,22,degree C,66,percent,4,0.66,F,1,G
Nicholson et al. 2014,Ae. albopictus,Masig island Queensland Aus.,island ,,,F1,CHIKV,La Reunion,IOL,IO2006,6.31E+04,TCID50/mL,ELISA,3,2,22,degree C,66,percent,7,0.66,F,1,G
Nicholson et al. 2014,Ae. albopictus,Masig island Queensland Aus.,island ,,,F1,CHIKV,La Reunion,IOL,IO2006,6.31E+04,TCID50/mL,ELISA,5,5,22,degree C,66,percent,10,1,F,0.8,G
Nicholson et al. 2014,Ae. albopictus,Masig island Queensland Aus.,island ,,,F1,CHIKV,La Reunion,IOL,IO2006,6.31E+04,TCID50/mL,ELISA,2,2,22,degree C,66,percent,14,1,F,1,G
Nicholson et al. 2014,Ae. albopictus,Masig island Queensland Aus.,island ,,,F1,CHIKV,La Reunion,IOL,IO2006,6.31E+04,TCID50/mL,ELISA,2,2,22,degree C,66,percent,21,1,F,1,G
Nicholson et al. 2014,Ae. albopictus,Masig island Queensland Aus.,island ,,,F1,CHIKV,La Reunion,IOL,IO2006,6.31E+04,TCID50/mL,ELISA,2,2,22,degree C,66,percent,25,1,F,1,G
Nicholson et al. 2014,Ae. albopictus,Masig island Queensland Aus.,island ,,,F1,CHIKV,La Reunion,IOL,IO2006,6.31E+04,TCID50/mL,ELISA,,,28,degree C,75,percent,0,,F,,G
Nicholson et al. 2014,Ae. albopictus,Masig island Queensland Aus.,island ,,,F1,CHIKV,La Reunion,IOL,IO2006,6.31E+04,TCID50/mL,ELISA,3,1,28,degree C,75,percent,2,0.33,F,1,G
Nicholson et al. 2014,Ae. albopictus,Masig island Queensland Aus.,island ,,,F1,CHIKV,La Reunion,IOL,IO2006,6.31E+04,TCID50/mL,ELISA,5,5,28,degree C,75,percent,4,1,F,0.8,G
Nicholson et al. 2014,Ae. albopictus,Masig island Queensland Aus.,island ,,,F1,CHIKV,La Reunion,IOL,IO2006,6.31E+04,TCID50/mL,ELISA,4,4,28,degree C,75,percent,7,1,F,0.5,G
Nicholson et al. 2014,Ae. albopictus,Masig island Queensland Aus.,island ,,,F1,CHIKV,La Reunion,IOL,IO2006,6.31E+04,TCID50/mL,ELISA,5,5,28,degree C,75,percent,10,1,F,0.8,G
Nicholson et al. 2014,Ae. albopictus,Masig island Queensland Aus.,island ,,,F1,CHIKV,La Reunion,IOL,IO2006,6.31E+04,TCID50/mL,ELISA,4,4,28,degree C,75,percent,14,1,F,0.75,G
Nicholson et al. 2014,Ae. albopictus,Masig island Queensland Aus.,island ,,,F1,CHIKV,La Reunion,IOL,IO2006,6.31E+04,TCID50/mL,ELISA,4,1,28,degree C,75,percent,21,0.25,F,1,G
Nicholson et al. 2014,Ae. albopictus,Masig island Queensland Aus.,island ,,,F1,CHIKV,La Reunion,IOL,IO2006,6.31E+04,TCID50/mL,ELISA,3,1,28,degree C,75,percent,25,0.33,F,1,G
Sanchez-Vargas et al. 2019,Ae. albopictus,La Reunion,island ,,,,CHIKV,La Reunion,IOL,LR2006OPY1,6.60E+07,PFU/mL,RT-PCR,30,30,28,degree C,70-80,percent,9,1,F,0.8,G
Sanchez-Vargas et al. 2019,Ae. albopictus,lake charles Louisiana,urban,,,,CHIKV,La Reunion,IOL,LR2006OPY1,6.60E+07,PFU/mL,RT-PCR,30,30,28,degree C,70-80,percent,9,1,F,0.8,G
Sanchez-Vargas et al. 2019,Ae. albopictus,Florida,urban,,,,CHIKV,La Reunion,IOL,LR2006OPY1,6.60E+07,PFU/mL,RT-PCR,30,30,28,degree C,70-80,percent,9,1,F,0.8,G
Sanchez-Vargas et al. 2019,Ae. albopictus,New Jersey,urban,,,,CHIKV,La Reunion,IOL,LR2006OPY1,6.60E+07,PFU/mL,RT-PCR,30,30,28,degree C,70-80,percent,9,0.933,F,0.866,G
Sanchez-Vargas et al. 2019,Ae. albopictus,La Reunion,island ,,,,CHIKV,British Virgin Island,Asian,R99659,5.60E+07,PFU/mL,RT-PCR,30,30,28,degree C,70-80,percent,9,0.966,F,0.5,G
Sanchez-Vargas et al. 2019,Ae. albopictus,lake charles Louisiana,urban,,,,CHIKV,British Virgin Island,Asian,R99659,5.60E+07,PFU/mL,RT-PCR,30,30,28,degree C,70-80,percent,9,0.966,F,0.566,G
Sanchez-Vargas et al. 2019,Ae. albopictus,Florida,urban,,,,CHIKV,British Virgin Island,Asian,R99659,5.60E+07,PFU/mL,RT-PCR,30,30,28,degree C,70-80,percent,9,0.93,F,0.566,G
Sanchez-Vargas et al. 2019,Ae. albopictus,New Jersey,urban,,,,CHIKV,British Virgin Island,Asian,R99659,5.60E+07,PFU/mL,RT-PCR,30,30,28,degree C,70-80,percent,9,0.933,F,0.33,G
Severini et al. 2018,Ae. albopictus,Borgo Vodice Italy,rural,,,F3,CHIKV,Emilia Romagna,IOL,CHIKV/ISS-2007,2.00E+06,PFU/mL,qRT-PCR,,,27,degree C,70,percent,0,,H,,I
Severini et al. 2018,Ae. albopictus,Borgo Vodice Italy,rural,,,F3,CHIKV,Emilia Romagna,IOL,CHIKV/ISS-2007,2.00E+06,PFU/mL,qRT-PCR,4,4,27,degree C,70,percent,2,1,H,0,I
Severini et al. 2018,Ae. albopictus,Borgo Vodice Italy,rural,,,F3,CHIKV,Emilia Romagna,IOL,CHIKV/ISS-2007,2.00E+06,PFU/mL,qRT-PCR,5,5,27,degree C,70,percent,3,1,H,0.2,I
Severini et al. 2018,Ae. albopictus,Borgo Vodice Italy,rural,,,F3,CHIKV,Emilia Romagna,IOL,CHIKV/ISS-2007,2.00E+06,PFU/mL,qRT-PCR,8,8,27,degree C,70,percent,7,1,H,0.38,I
Severini et al. 2018,Ae. albopictus,Borgo Vodice Italy,rural,,,F3,CHIKV,Emilia Romagna,IOL,CHIKV/ISS-2007,2.00E+06,PFU/mL,qRT-PCR,9,9,27,degree C,70,percent,12,0.78,H,0.11,I
Severini et al. 2018,Ae. albopictus,Rende Italy,suburb,,,F3,CHIKV,Emilia Romagna,IOL,CHIKV/ISS-2007,2.00E+06,PFU/mL,qRT-PCR,,,27,degree C,70,percent,0,,H,,I
Severini et al. 2018,Ae. albopictus,Rende Italy,suburb,,,F3,CHIKV,Emilia Romagna,IOL,CHIKV/ISS-2007,2.00E+06,PFU/mL,qRT-PCR,3,3,27,degree C,70,percent,2,0.33,H,0,I
Severini et al. 2018,Ae. albopictus,Rende Italy,suburb,,,F3,CHIKV,Emilia Romagna,IOL,CHIKV/ISS-2007,2.00E+06,PFU/mL,qRT-PCR,6,6,27,degree C,70,percent,3,0.33,H,0.33,I
Severini et al. 2018,Ae. albopictus,Rende Italy,suburb,,,F3,CHIKV,Emilia Romagna,IOL,CHIKV/ISS-2007,2.00E+06,PFU/mL,qRT-PCR,8,8,27,degree C,70,percent,7,1,H,0.398,I
Severini et al. 2018,Ae. albopictus,Rende Italy,suburb,,,F3,CHIKV,Emilia Romagna,IOL,CHIKV/ISS-2007,2.00E+06,PFU/mL,qRT-PCR,6,6,27,degree C,70,percent,12,1,H,0.33,I
Severini et al. 2018,Ae. albopictus,Sant'Antioco Italy,island ,,,F3,CHIKV,Emilia Romagna,IOL,CHIKV/ISS-2007,2.00E+06,PFU/mL,qRT-PCR,,,27,degree C,70,percent,,,H,,I
Severini et al. 2018,Ae. albopictus,Sant'Antioco Italy,island ,,,F3,CHIKV,Emilia Romagna,IOL,CHIKV/ISS-2007,2.00E+06,PFU/mL,qRT-PCR,4,4,27,degree C,70,percent,2,1,H,0,I
Severini et al. 2018,Ae. albopictus,Sant'Antioco Italy,island ,,,F3,CHIKV,Emilia Romagna,IOL,CHIKV/ISS-2007,2.00E+06,PFU/mL,qRT-PCR,6,6,27,degree C,70,percent,3,0.5,H,0.51,I
Severini et al. 2018,Ae. albopictus,Sant'Antioco Italy,island ,,,F3,CHIKV,Emilia Romagna,IOL,CHIKV/ISS-2007,2.00E+06,PFU/mL,qRT-PCR,6,6,27,degree C,70,percent,7,1,H,0.34,I
Severini et al. 2018,Ae. albopictus,Sant'Antioco Italy,island ,,,F3,CHIKV,Emilia Romagna,IOL,CHIKV/ISS-2007,2.00E+06,PFU/mL,qRT-PCR,3,3,27,degree C,70,percent,12,0.67,H,0,I
Tsetsarkin et al. 2007,Ae. albopictus,Galveston Texas,city,,,,CHIKV,La Reunion,IOL,LR-GFP-226V,7.94E+04,TCID50/mL,,16-21,,27,degree C,80,percent,1,0,A,0,A
Tsetsarkin et al. 2007,Ae. albopictus,Galveston Texas,city,,,,CHIKV,La Reunion,IOL,LR-GFP-226V,7.94E+04,TCID50/mL,,16-21,,27,degree C,80,percent,3,0.19,A,0.19,A
Tsetsarkin et al. 2007,Ae. albopictus,Galveston Texas,city,,,,CHIKV,La Reunion,IOL,LR-GFP-226V,7.94E+04,TCID50/mL,,16-21,,27,degree C,80,percent,5,0.43,A,0.43,A
Tsetsarkin et al. 2007,Ae. albopictus,Galveston Texas,city,,,,CHIKV,La Reunion,IOL,LR-GFP-226V,7.94E+04,TCID50/mL,,16-21,,27,degree C,80,percent,7,0.67,A,0.67,A
Tsetsarkin et al. 2007,Ae. albopictus,Galveston Texas,city,,,,CHIKV,La Reunion,IOL,LR-GFP-226V,7.94E+04,TCID50/mL,,16-21,,27,degree C,80,percent,9,0.68,A,0.68,A
Tsetsarkin et al. 2007,Ae. albopictus,Galveston Texas,city,,,,CHIKV,La Reunion,IOL,LR-GFP-226V,7.94E+04,TCID50/mL,,16-21,,27,degree C,80,percent,12,0.7,A,0.7,A
Tsetsarkin et al. 2007,Ae. albopictus,Galveston Texas,city,,,,CHIKV,La Reunion,IOL,LR-GFP-226A,3.98E+05,TCID50/mL,,16-21,,27,degree C,80,percent,1,0,A,0,A
Tsetsarkin et al. 2007,Ae. albopictus,Galveston Texas,city,,,,CHIKV,La Reunion,IOL,LR-GFP-226A,3.98E+05,TCID50/mL,,16-21,,27,degree C,80,percent,3,0.065,A,0.065,A
Tsetsarkin et al. 2007,Ae. albopictus,Galveston Texas,city,,,,CHIKV,La Reunion,IOL,LR-GFP-226A,3.98E+05,TCID50/mL,,16-21,,27,degree C,80,percent,5,0.23,A,0.23,A
Tsetsarkin et al. 2007,Ae. albopictus,Galveston Texas,city,,,,CHIKV,La Reunion,IOL,LR-GFP-226A,3.98E+05,TCID50/mL,,16-21,,27,degree C,80,percent,7,0.29,A,0.29,A
Tsetsarkin et al. 2007,Ae. albopictus,Galveston Texas,city,,,,CHIKV,La Reunion,IOL,LR-GFP-226A,3.98E+05,TCID50/mL,,16-21,,27,degree C,80,percent,9,0.37,A,0.37,A
Tsetsarkin et al. 2007,Ae. albopictus,Galveston Texas,city,,,,CHIKV,La Reunion,IOL,LR-GFP-226A,3.98E+05,TCID50/mL,,16-21,,27,degree C,80,percent,12,0.52,A,0.52,A
Tuanudom et al. 2017,Ae. albopictus,Nonthaburi Thailand,urban,,,F10,CHIKV,Thailand,IOL,Thailand2010,1.00E+02,TCID50/mL,RT-PCR,24,24,25,degree C,80,percent,14,0.708,K,0.416,L
Tuanudom et al. 2017,Ae. albopictus,Nonthaburi Thailand,urban,,,F10,CHIKV,Thailand,IOL,Thailand2010,1.00E+03,TCID50/mL,RT-PCR,30,30,25,degree C,80,percent,14,0.867,K,0.7,L
Tuanudom et al. 2017,Ae. albopictus,Nonthaburi Thailand,urban,,,F10,CHIKV,Thailand,IOL,Thailand2010,1.00E+04,TCID50/mL,RT-PCR,30,30,25,degree C,80,percent,14,1,K,1,L
Tuanudom et al. 2017,Ae. albopictus,Nonthaburi Thailand,urban,,,F10,CHIKV,Thailand,IOL,Thailand2010,1.00E+05,TCID50/mL,RT-PCR,30,30,25,degree C,80,percent,14,0.9,K,0.9,L
Tuanudom et al. 2017,Ae. albopictus,Nonthaburi Thailand,urban,,,F10,CHIKV,Thailand,IOL,Thailand2010,1.00E+06,TCID50/mL,RT-PCR,51,51,25,degree C,80,percent,14,0.98,K,0.824,L
Vega-Rua et al. 2015,Ae. albopictus,Jurujuba Rio de Janeiro,suburb,,,F1,CHIKV,La Reunion,IOL,CHIKV 06.21,3.20E+06,PFU/mL,RT-PCR,,20,28,degree C,80,percent,3,,,0.052,C
Vega-Rua et al. 2015,Ae. albopictus,Jurujuba Rio de Janeiro,suburb,,,F1,CHIKV,La Reunion,IOL,CHIKV 06.21,3.20E+06,PFU/mL,RT-PCR,,19,28,degree C,80,percent,5,,,0.49,C
Vega-Rua et al. 2015,Ae. albopictus,Jurujuba Rio de Janeiro,suburb,,,F1,CHIKV,La Reunion,IOL,CHIKV 06.21,3.20E+06,PFU/mL,RT-PCR,,20,28,degree C,80,percent,7,,,0.647,C
Vega-Rua et al. 2015,Ae. albopictus,Vero beach Florida,suburb,,,F1,CHIKV,La Reunion,IOL,CHIKV 06.21,3.20E+06,PFU/mL,RT-PCR,,20,28,degree C,80,percent,3,,,0.147,C
Vega-Rua et al. 2015,Ae. albopictus,Vero beach Florida,suburb,,,F1,CHIKV,La Reunion,IOL,CHIKV 06.21,3.20E+06,PFU/mL,RT-PCR,,20,28,degree C,80,percent,5,,,0.147,C
Vega-Rua et al. 2015,Ae. albopictus,Vero beach Florida,suburb,,,F1,CHIKV,La Reunion,IOL,CHIKV 06.21,3.20E+06,PFU/mL,RT-PCR,,19,28,degree C,80,percent,7,,,0.15,C
Vega-Rua et al. 2015,Ae. albopictus,Bar sur Loup France,rural,,,F1,CHIKV,La Reunion,IOL,CHIKV 06.21,3.20E+06,PFU/mL,RT-PCR,,10,28,degree C,80,percent,3,,,0.49,C
Vega-Rua et al. 2015,Ae. albopictus,Bar sur Loup France,rural,,,F1,CHIKV,La Reunion,IOL,CHIKV 06.21,3.20E+06,PFU/mL,RT-PCR,,13,28,degree C,80,percent,5,,,0.46,C
Vega-Rua et al. 2015,Ae. albopictus,Bar sur Loup France,rural,,,F1,CHIKV,La Reunion,IOL,CHIKV 06.21,3.20E+06,PFU/mL,RT-PCR,,21,28,degree C,80,percent,7,,,0.53,C
Vega-Rua et al. 2015,Ae. albopictus,Jurujuba Rio de Janeiro,suburb,,,F1,CHIKV,Saint-Martin island,Asian,CHIKV20235,3.20E+06,PFU/mL,RT-PCR,,17,28,degree C,80,percent,3,,,0.47,C
Vega-Rua et al. 2015,Ae. albopictus,Jurujuba Rio de Janeiro,suburb,,,F1,CHIKV,Saint-Martin island,Asian,CHIKV20235,3.20E+06,PFU/mL,RT-PCR,,20,28,degree C,80,percent,5,,,0.39,C
Vega-Rua et al. 2015,Ae. albopictus,Jurujuba Rio de Janeiro,suburb,,,F1,CHIKV,Saint-Martin island,Asian,CHIKV20235,3.20E+06,PFU/mL,RT-PCR,,20,28,degree C,80,percent,7,,,0.39,C
Vega-Rua et al. 2015,Ae. albopictus,Vero beach Florida,suburb,,,F1,CHIKV,Saint-Martin island,Asian,CHIKV20235,3.20E+06,PFU/mL,RT-PCR,,20,28,degree C,80,percent,3,,,0.047,C
Vega-Rua et al. 2015,Ae. albopictus,Vero beach Florida,suburb,,,F1,CHIKV,Saint-Martin island,Asian,CHIKV20235,3.20E+06,PFU/mL,RT-PCR,,20,28,degree C,80,percent,5,,,0.234,C
Vega-Rua et al. 2015,Ae. albopictus,Vero beach Florida,suburb,,,F1,CHIKV,Saint-Martin island,Asian,CHIKV20235,3.20E+06,PFU/mL,RT-PCR,,20,28,degree C,80,percent,7,,,0.297,C
Vega-Rua et al. 2015,Ae. albopictus,Bar sur Loup France,rural,,,F1,CHIKV,Saint-Martin island,Asian,CHIKV20235,3.20E+06,PFU/mL,RT-PCR,,20,28,degree C,80,percent,3,,,0.1,C
Vega-Rua et al. 2015,Ae. albopictus,Bar sur Loup France,rural,,,F1,CHIKV,Saint-Martin island,Asian,CHIKV20235,3.20E+06,PFU/mL,RT-PCR,,29,28,degree C,80,percent,5,,,0.65,C
Vega-Rua et al. 2015,Ae. albopictus,Bar sur Loup France,rural,,,F1,CHIKV,Saint-Martin island,Asian,CHIKV20235,3.20E+06,PFU/mL,RT-PCR,,20,28,degree C,80,percent,7,,,0.576,C
Vega-Rua et al. 2013,Ae. albopictus,Cagnes-sur-Mer France,suburb,,,F13,CHIKV,in France from India,ECSA,CHIKV 2010_1630,2.00E+07,PFU/mL,RT-PCR,17,16,28,degree C,80,percent,3,0.94,B,0.375,E
Vega-Rua et al. 2013,Ae. albopictus,Cagnes-sur-Mer France,suburb,,,F13,CHIKV,in France from India,ECSA,CHIKV 2010_1630,2.00E+07,PFU/mL,RT-PCR,18,18,28,degree C,80,percent,6,1,B,0.722,E
Vega-Rua et al. 2013,Ae. albopictus,Cagnes-sur-Mer France,suburb,,,F13,CHIKV,in France from India,ECSA,CHIKV 2010_1630,2.00E+07,PFU/mL,RT-PCR,19,18,28,degree C,80,percent,9,0.947,B,0.778,E
Vega-Rua et al. 2013,Ae. albopictus,Cagnes-sur-Mer France,suburb,,,F13,CHIKV,in France from India,ECSA,CHIKV 2010_1630,2.00E+07,PFU/mL,RT-PCR,19,17,28,degree C,80,percent,14,0.895,B,0.118,E
Vega-Rua et al. 2013,Ae. albopictus,Cagnes-sur-Mer France,suburb,,,F13,CHIKV,France,ECSA,CHIKV 2010_1909,2.00E+07,PFU/mL,RT-PCR,17,14,28,degree C,80,percent,3,0.824,B,0.357,E
Vega-Rua et al. 2013,Ae. albopictus,Cagnes-sur-Mer France,suburb,,,F13,CHIKV,France,ECSA,CHIKV 2010_1909,2.00E+07,PFU/mL,RT-PCR,19,19,28,degree C,80,percent,6,1,B,0.842,E
Vega-Rua et al. 2013,Ae. albopictus,Cagnes-sur-Mer France,suburb,,,F13,CHIKV,France,ECSA,CHIKV 2010_1909,2.00E+07,PFU/mL,RT-PCR,20,19,28,degree C,80,percent,9,0.95,B,0.263,E
Vega-Rua et al. 2013,Ae. albopictus,Cagnes-sur-Mer France,suburb,,,F13,CHIKV,France,ECSA,CHIKV 2010_1909,2.00E+07,PFU/mL,RT-PCR,22,21,28,degree C,80,percent,14,0.955,B,0.143,E
Vega-Rua et al. 2014,Ae. albopictus,Tyson USA,rural,,,F1,CHIKV,La Reunion,IOL,CHIKV 06.21,3.16E+07,PFU/mL,RT-PCR,30,30,28,degree C,80,percent,7,0.967,B,0.567,E
Vega-Rua et al. 2014,Ae. albopictus,Tyson USA,rural,,,F1,CHIKV,La Reunion,IOL,CHIKV 06.21,3.16E+07,PFU/mL,RT-PCR,30,30,28,degree C,80,percent,10,0.93,B,0.4,E
Vega-Rua et al. 2014,Ae. albopictus,Tyson USA,rural,,,F1,CHIKV,La Reunion,IOL,CHIKV 115,3.16E+07,PFU/mL,RT-PCR,30,30,28,degree C,80,percent,7,0.833,B,0.5,E
Vega-Rua et al. 2014,Ae. albopictus,Tyson USA,rural,,,F1,CHIKV,La Reunion,IOL,CHIKV 115,3.16E+07,PFU/mL,RT-PCR,11,11,28,degree C,80,percent,10,0.636,B,0.273,E
Vega-Rua et al. 2014,Ae. albopictus,Vero beach Florida,suburb,,,F1,CHIKV,La Reunion,IOL,CHIKV 06.21,3.16E+07,PFU/mL,RT-PCR,30,30,28,degree C,80,percent,7,0.933,B,0.267,E
Vega-Rua et al. 2014,Ae. albopictus,Vero beach Florida,suburb,,,F1,CHIKV,La Reunion,IOL,CHIKV 06.21,3.16E+07,PFU/mL,RT-PCR,7,7,28,degree C,80,percent,10,0.857,B,0.143,E
Vega-Rua et al. 2014,Ae. albopictus,Vero beach Florida,suburb,,,F1,CHIKV,La Reunion,IOL,CHIKV 115,3.16E+07,PFU/mL,RT-PCR,30,30,28,degree C,80,percent,7,0.733,B,0.267,E
Vega-Rua et al. 2014,Ae. albopictus,Vero beach Florida,suburb,,,F1,CHIKV,La Reunion,IOL,CHIKV 115,3.16E+07,PFU/mL,RT-PCR,30,30,28,degree C,80,percent,10,0.967,B,0.167,E
Vega-Rua et al. 2014,Ae. albopictus,Tapachula Maxico,city,,,F1,CHIKV,La Reunion,IOL,CHIKV 06.21,3.16E+07,PFU/mL,RT-PCR,30,30,28,degree C,80,percent,7,0.733,B,0.167,E
Vega-Rua et al. 2014,Ae. albopictus,Tapachula Maxico,city,,,F1,CHIKV,La Reunion,IOL,CHIKV 06.21,3.16E+07,PFU/mL,RT-PCR,30,30,28,degree C,80,percent,10,0.7,B,0.2,E
Vega-Rua et al. 2014,Ae. albopictus,Tapachula Maxico,city,,,F1,CHIKV,La Reunion,IOL,CHIKV 115,3.16E+07,PFU/mL,RT-PCR,30,30,28,degree C,80,percent,7,0.667,B,0.233,E
Vega-Rua et al. 2014,Ae. albopictus,Tapachula Maxico,city,,,F1,CHIKV,La Reunion,IOL,CHIKV 115,3.16E+07,PFU/mL,RT-PCR,30,30,28,degree C,80,percent,10,0.533,B,0.233,E
Vega-Rua et al. 2014,Ae. albopictus,Colon Panama,city,,,F1,CHIKV,La Reunion,IOL,CHIKV 115,3.16E+07,PFU/mL,RT-PCR,30,30,28,degree C,80,percent,7,0.967,B,0.833,E
Vega-Rua et al. 2014,Ae. albopictus,Colon Panama,city,,,F1,CHIKV,La Reunion,IOL,CHIKV 115,3.16E+07,PFU/mL,RT-PCR,30,30,28,degree C,80,percent,10,0.967,B,0.733,E
Vega-Rua et al. 2014,Ae. albopictus,Colon Panama,city,,,F1,CHIKV,La Reunion,IOL,CHIKV 115,3.16E+07,PFU/mL,RT-PCR,30,30,28,degree C,80,percent,7,0.833,B,0.33,E
Vega-Rua et al. 2014,Ae. albopictus,Colon Panama,city,,,F1,CHIKV,La Reunion,IOL,CHIKV 115,3.16E+07,PFU/mL,RT-PCR,30,30,28,degree C,80,percent,10,0.833,B,0.767,E
Vega-Rua et al. 2014,Ae. albopictus,Colon Panama,city,,,F1,CHIKV,New Caledonia,Asian,NC 2011-568,3.16E+07,PFU/mL,RT-PCR,30,30,28,degree C,80,percent,7,0.967,B,0.733,E
Vega-Rua et al. 2014,Ae. albopictus,Colon Panama,city,,,F1,CHIKV,New Caledonia,Asian,NC 2011-568,3.16E+07,PFU/mL,RT-PCR,30,30,28,degree C,80,percent,10,0.967,B,0.467,E
Vega-Rua et al. 2014,Ae. albopictus,Manus Brazil,urban,,,F1,CHIKV,La Reunion,IOL,CHIKV 06.21,3.16E+07,PFU/mL,RT-PCR,30,30,28,degree C,80,percent,7,0.967,B,0.733,E
Vega-Rua et al. 2014,Ae. albopictus,Manus Brazil,urban,,,F1,CHIKV,La Reunion,IOL,CHIKV 06.21,3.16E+07,PFU/mL,RT-PCR,36,36,28,degree C,80,percent,10,1,B,0.694,E
Vega-Rua et al. 2014,Ae. albopictus,Manus Brazil,urban,,,F1,CHIKV,La Reunion,IOL,CHIKV 115,3.16E+07,PFU/mL,RT-PCR,31,31,28,degree C,80,percent,7,0.903,B,0.355,E
Vega-Rua et al. 2014,Ae. albopictus,Manus Brazil,urban,,,F1,CHIKV,La Reunion,IOL,CHIKV 115,3.16E+07,PFU/mL,RT-PCR,34,34,28,degree C,80,percent,10,0.971,B,0.529,E
Vega-Rua et al. 2014,Ae. albopictus,Manus Brazil,urban,,,F1,CHIKV,New Caledonia,Asian,NC 2011-568,3.16E+07,PFU/mL,RT-PCR,30,30,28,degree C,80,percent,7,0.9,B,0.433,E
Vega-Rua et al. 2014,Ae. albopictus,Manus Brazil,urban,,,F1,CHIKV,New Caledonia,Asian,NC 2011-568,3.16E+07,PFU/mL,RT-PCR,30,30,28,degree C,80,percent,10,0.933,B,0.533,E
Vega-Rua et al. 2014,Ae. albopictus,Santarem Brazil,urban,,,F1,CHIKV,La Reunion,IOL,CHIKV 06.21,3.16E+07,PFU/mL,RT-PCR,30,30,28,degree C,80,percent,7,1,B,0.567,E
Vega-Rua et al. 2014,Ae. albopictus,Santarem Brazil,urban,,,F1,CHIKV,La Reunion,IOL,CHIKV 06.21,3.16E+07,PFU/mL,RT-PCR,20,20,28,degree C,80,percent,10,1,B,0.55,E
Vega-Rua et al. 2014,Ae. albopictus,Santarem Brazil,urban,,,F1,CHIKV,La Reunion,IOL,CHIKV 115,3.16E+07,PFU/mL,RT-PCR,26,26,28,degree C,80,percent,7,0.884,B,0.538,E
Vega-Rua et al. 2014,Ae. albopictus,Parnamirim Brazil,suburb,,,F1,CHIKV,La Reunion,IOL,CHIKV 06.21,3.16E+07,PFU/mL,RT-PCR,30,30,28,degree C,80,percent,7,0.933,B,0.667,E
Vega-Rua et al. 2014,Ae. albopictus,Parnamirim Brazil,suburb,,,F1,CHIKV,La Reunion,IOL,CHIKV 06.21,3.16E+07,PFU/mL,RT-PCR,30,30,28,degree C,80,percent,10,0.9,B,0.667,E
Vega-Rua et al. 2014,Ae. albopictus,Jurujuba Rio de Janeiro,suburb,,,F1,CHIKV,La Reunion,IOL,CHIKV 06.21,3.16E+07,PFU/mL,RT-PCR,30,30,28,degree C,80,percent,7,1,B,0.967,E
Vega-Rua et al. 2014,Ae. albopictus,Jurujuba Rio de Janeiro,suburb,,,F1,CHIKV,La Reunion,IOL,CHIKV 06.21,3.16E+07,PFU/mL,RT-PCR,30,30,28,degree C,80,percent,10,1,B,0.767,E
Vega-Rua et al. 2014,Ae. albopictus,Paqueta Rio de Janeiro,island ,,,F1,CHIKV,La Reunion,IOL,CHIKV 06.21,3.16E+07,PFU/mL,RT-PCR,31,31,28,degree C,80,percent,7,0.871,B,0.5,E
Vega-Rua et al. 2014,Ae. albopictus,Paqueta Rio de Janeiro,island ,,,F1,CHIKV,La Reunion,IOL,CHIKV 06.21,3.16E+07,PFU/mL,RT-PCR,32,32,28,degree C,80,percent,10,0.875,B,0.733,E
Vega-Rua et al. 2014,Ae. albopictus,Paqueta Rio de Janeiro,island ,,,F1,CHIKV,La Reunion,IOL,CHIKV 115,3.16E+07,PFU/mL,RT-PCR,29,29,28,degree C,80,percent,7,0.969,B,0.793,E
Vega-Rua et al. 2014,Ae. albopictus,Vaz Lobo Rio de Janeiro,urban,,,F1,CHIKV,La Reunion,IOL,CHIKV 06.21,3.16E+07,PFU/mL,RT-PCR,23,23,28,degree C,80,percent,7,0.913,B,0.391,E
Vega-Rua et al. 2014,Ae. albopictus,Vaz Lobo Rio de Janeiro,urban,,,F1,CHIKV,La Reunion,IOL,CHIKV 06.21,3.16E+07,PFU/mL,RT-PCR,32,32,28,degree C,80,percent,10,1,B,0.375,E
Vega-Rua et al. 2014,Ae. albopictus,Belford Roxo Rio de Janeiro,suburb,,,F1,CHIKV,La Reunion,IOL,CHIKV 06.21,3.16E+07,PFU/mL,RT-PCR,22,22,28,degree C,80,percent,7,0.909,B,0.727,E
Vega-Rua et al. 2014,Ae. albopictus,Belford Roxo Rio de Janeiro,suburb,,,F1,CHIKV,La Reunion,IOL,CHIKV 06.21,3.16E+07,PFU/mL,RT-PCR,27,27,28,degree C,80,percent,10,0.889,B,0.852,E
Vega-Rua et al. 2014,Ae. albopictus,Santos Brazil,city,,,F1,CHIKV,La Reunion,IOL,CHIKV 06.21,3.16E+07,PFU/mL,RT-PCR,30,30,28,degree C,80,percent,7,1,B,0.433,E
Vega-Rua et al. 2014,Ae. albopictus,Santos Brazil,city,,,F1,CHIKV,La Reunion,IOL,CHIKV 06.21,3.16E+07,PFU/mL,RT-PCR,30,30,28,degree C,80,percent,10,1,B,0.5,E
Vega-Rua et al. 2014,Ae. albopictus,Santos Brazil,city,,,F1,CHIKV,La Reunion,IOL,CHIKV 115,3.16E+07,PFU/mL,RT-PCR,8,8,28,degree C,80,percent,7,0.875,B,0.625,E
Vega-Rua et al. 2014,Ae. albopictus,Misiones Argentina,mixed,,,F1,CHIKV,La Reunion,IOL,CHIKV 06.21,3.16E+07,PFU/mL,RT-PCR,30,30,28,degree C,80,percent,7,0.6,B,0.433,E
Vega-Rua et al. 2014,Ae. albopictus,Misiones Argentina,mixed,,,F1,CHIKV,La Reunion,IOL,CHIKV 06.21,3.16E+07,PFU/mL,RT-PCR,30,30,28,degree C,80,percent,10,0.933,B,0.6,E
Vega-Rua et al. 2014,Ae. albopictus,Misiones Argentina,mixed,,,F1,CHIKV,La Reunion,IOL,CHIKV 115,3.16E+07,PFU/mL,RT-PCR,26,26,28,degree C,80,percent,7,0.667,B,0.767,E
Vega-Rua et al. 2014,Ae. albopictus,Misiones Argentina,mixed,,,F1,CHIKV,La Reunion,IOL,CHIKV 115,3.16E+07,PFU/mL,RT-PCR,30,30,28,degree C,80,percent,10,0.8,B,0.4,E
Vega-Rua et al. 2014,Ae. albopictus,Misiones Argentina,mixed,,,F1,CHIKV,New Caledonia,Asian,NC 2011-568,3.16E+07,PFU/mL,RT-PCR,30,30,28,degree C,80,percent,7,0.933,B,0.3,E
Vega-Rua et al. 2014,Ae. albopictus,Misiones Argentina,mixed,,,F1,CHIKV,New Caledonia,Asian,NC 2011-568,3.16E+07,PFU/mL,RT-PCR,30,30,28,degree C,80,percent,10,0.967,B,0.467,E
Veronesi et al. 2023,Ae. albopictus,Canton Ticino Switzerland,mixed,,,F1-2,CHIKV,La Reunion,IOL,CHIKV 06.21,,,RT-qPCR,29,29,27,degree C,85,percent,7,0.66,H,0.38,I
Veronesi et al. 2023,Ae. albopictus,Canton Ticino Switzerland,mixed,,,F1-2,CHIKV,La Reunion,IOL,CHIKV 06.21,,,RT-qPCR,25,25,27,degree C,85,percent,10,0.76,H,0.28,I
Viginier et al. 2023,Ae. albopictus,Lyon France,urban,,,F10,CHIKV,La Reunion,IOL,CHIKV 06.21,3.16E+04,FFu/mL,RT-qPCR,,3,26,degree C,70,percent,2,,,0.33,G
Viginier et al. 2023,Ae. albopictus,Lyon France,urban,,,F10,CHIKV,La Reunion,IOL,CHIKV 06.21,3.16E+04,FFu/mL,RT-qPCR,,7,26,degree C,70,percent,3,,,0.1428,G
Viginier et al. 2023,Ae. albopictus,Lyon France,urban,,,F10,CHIKV,La Reunion,IOL,CHIKV 06.21,3.16E+04,FFu/mL,RT-qPCR,,2,26,degree C,70,percent,4,,,0,G
Viginier et al. 2023,Ae. albopictus,Lyon France,urban,,,F10,CHIKV,La Reunion,IOL,CHIKV 06.21,3.16E+04,FFu/mL,RT-qPCR,,5,26,degree C,70,percent,6,,,0.4,G
Viginier et al. 2023,Ae. albopictus,Lyon France,urban,,,F10,CHIKV,La Reunion,IOL,CHIKV 06.21,3.16E+04,FFu/mL,RT-qPCR,,6,26,degree C,70,percent,7,,,0.1666,G
Viginier et al. 2023,Ae. albopictus,Lyon France,urban,,,F10,CHIKV,La Reunion,IOL,CHIKV 06.21,3.16E+04,FFu/mL,RT-qPCR,,7,26,degree C,70,percent,10,,,0.428,G
Viginier et al. 2023,Ae. albopictus,Lyon France,urban,,,F10,CHIKV,La Reunion,IOL,CHIKV 06.21,3.16E+04,FFu/mL,RT-qPCR,,5,26,degree C,70,percent,12,,,0.6,G
Viginier et al. 2023,Ae. albopictus,Lyon France,urban,,,F10,CHIKV,La Reunion,IOL,CHIKV 06.21,3.16E+04,FFu/mL,RT-qPCR,,7,26,degree C,70,percent,14,,,0.571,G
Viginier et al. 2023,Ae. albopictus,Lyon France,urban,,,F10,CHIKV,La Reunion,IOL,CHIKV 06.21,3.16E+04,FFu/mL,RT-qPCR,,7,26,degree C,70,percent,20,,,0.428,G
Viginier et al. 2023,Ae. albopictus,Lyon France,urban,,,F10,CHIKV,La Reunion,IOL,CHIKV 06.21,1.00E+08,FFu/mL,RT-qPCR,,14,26,degree C,70,percent,2,,,0.1428,G
Viginier et al. 2023,Ae. albopictus,Lyon France,urban,,,F10,CHIKV,La Reunion,IOL,CHIKV 06.21,1.00E+08,FFu/mL,RT-qPCR,,12,26,degree C,70,percent,3,,,0.25,G
Viginier et al. 2023,Ae. albopictus,Lyon France,urban,,,F10,CHIKV,La Reunion,IOL,CHIKV 06.21,1.00E+08,FFu/mL,RT-qPCR,,16,26,degree C,70,percent,4,,,0.375,G
Viginier et al. 2023,Ae. albopictus,Lyon France,urban,,,F10,CHIKV,La Reunion,IOL,CHIKV 06.21,1.00E+08,FFu/mL,RT-qPCR,,18,26,degree C,70,percent,5,,,0.444,G
Viginier et al. 2023,Ae. albopictus,Lyon France,urban,,,F10,CHIKV,La Reunion,IOL,CHIKV 06.21,1.00E+08,FFu/mL,RT-qPCR,,18,26,degree C,70,percent,6,,,0.5,G
Viginier et al. 2023,Ae. albopictus,Lyon France,urban,,,F10,CHIKV,La Reunion,IOL,CHIKV 06.21,1.00E+08,FFu/mL,RT-qPCR,,17,26,degree C,70,percent,7,,,0.41,G
Viginier et al. 2023,Ae. albopictus,Lyon France,urban,,,F10,CHIKV,La Reunion,IOL,CHIKV 06.21,1.00E+08,FFu/mL,RT-qPCR,,17,26,degree C,70,percent,10,,,0.529,G
Viginier et al. 2023,Ae. albopictus,Lyon France,urban,,,F10,CHIKV,La Reunion,IOL,CHIKV 06.21,1.00E+08,FFu/mL,RT-qPCR,,17,26,degree C,70,percent,12,,,0.588,G
Viginier et al. 2023,Ae. albopictus,Lyon France,urban,,,F10,CHIKV,La Reunion,IOL,CHIKV 06.21,1.00E+08,FFu/mL,RT-qPCR,,14,26,degree C,70,percent,14,,,0.714,G
Viginier et al. 2023,Ae. albopictus,Lyon France,urban,,,F10,CHIKV,La Reunion,IOL,CHIKV 06.21,1.00E+08,FFu/mL,RT-qPCR,,17,26,degree C,70,percent,20,,,0.47,G
Wimalasiri-Yapa et al. 2019,Ae. albopictus,Hammond island Australia,island ,,,,CHIKV,Mauritius,ECSA,6113879,1.00E+07,PFU/mL,qRT-PCR,20,20,18,degree C,70,percent,3,1,D,0,C
Wimalasiri-Yapa et al. 2019,Ae. albopictus,Hammond island Australia,island ,,,,CHIKV,Mauritius,ECSA,6113879,1.00E+07,PFU/mL,qRT-PCR,20,20,18,degree C,70,percent,7,1,D,0.25,C
Wimalasiri-Yapa et al. 2019,Ae. albopictus,Hammond island Australia,island ,,,,CHIKV,Mauritius,ECSA,6113879,1.00E+07,PFU/mL,qRT-PCR,20,20,28,degree C,70,percent,3,1,D,0.25,C
Wimalasiri-Yapa et al. 2019,Ae. albopictus,Hammond island Australia,island ,,,,CHIKV,Mauritius,ECSA,6113879,1.00E+07,PFU/mL,qRT-PCR,20,20,28,degree C,70,percent,7,1,D,0.2,C
Wimalasiri-Yapa et al. 2019,Ae. albopictus,Hammond island Australia,island ,,,,CHIKV,Carribean,Asian,Carribean2014,1.00E+07,PFU/mL,qRT-PCR,20,20,18,degree C,70,percent,3,1,D,0,C
Wimalasiri-Yapa et al. 2019,Ae. albopictus,Hammond island Australia,island ,,,,CHIKV,Carribean,Asian,Carribean2014,1.00E+07,PFU/mL,qRT-PCR,19,19,18,degree C,70,percent,7,1,D,0,C
Wimalasiri-Yapa et al. 2019,Ae. albopictus,Hammond island Australia,island ,,,,CHIKV,Carribean,Asian,Carribean2014,1.00E+07,PFU/mL,qRT-PCR,19,19,28,degree C,70,percent,3,1,D,0.105,C
Wimalasiri-Yapa et al. 2019,Ae. albopictus,Hammond island Australia,island ,,,,CHIKV,Carribean,Asian,Carribean2014,1.00E+07,PFU/mL,qRT-PCR,20,20,28,degree C,70,percent,7,1,D,0.2,C
Zouache et al. 2014,Ae. albopictus,Bar sur Loup France,rural,,,F3-4,CHIKV,La Reunion,IOL,CHIKV 06.21,3.16E+07,PFU/mL,,12 to 20,12 to 20,20,degree C,70,percent,6,,,0.7,C
Zouache et al. 2014,Ae. albopictus,Bar sur Loup France,rural,,,F3-4,CHIKV,La Reunion,IOL,CHIKV 06.21,3.16E+07,PFU/mL,,12 to 20,12 to 20,28,degree C,70,percent,6,,,0.8,C
Zouache et al. 2014,Ae. albopictus,Bar sur Loup France,rural,,,F3-4,CHIKV,France,ECSA,CHIKV 2010_1909,3.16E+07,PFU/mL,,12 to 20,12 to 20,20,degree C,70,percent,6,,,0.88,C
Zouache et al. 2014,Ae. albopictus,Bar sur Loup France,rural,,,F3-4,CHIKV,France,ECSA,CHIKV 2010_1909,3.16E+07,PFU/mL,,12 to 20,12 to 20,28,degree C,70,percent,6,,,0.63,C
Zouache et al. 2014,Ae. albopictus,Castiglione-di-Cervia Italy,rural,,,F3,CHIKV,La Reunion,IOL,CHIKV 06.21,3.16E+07,PFU/mL,,12 to 20,12 to 20,20,degree C,70,percent,6,,,0.81,C
Zouache et al. 2014,Ae. albopictus,Castiglione-di-Cervia Italy,rural,,,F3,CHIKV,La Reunion,IOL,CHIKV 06.21,3.16E+07,PFU/mL,,12 to 20,12 to 20,28,degree C,70,percent,6,,,0.8,C
Zouache et al. 2014,Ae. albopictus,Castiglione-di-Cervia Italy,rural,,,F3,CHIKV,France,ECSA,CHIKV 2010_1909,3.16E+07,PFU/mL,,12 to 20,12 to 20,20,degree C,70,percent,6,,,0.57,C
Zouache et al. 2014,Ae. albopictus,Castiglione-di-Cervia Italy,rural,,,F3,CHIKV,France,ECSA,CHIKV 2010_1909,3.16E+07,PFU/mL,,12 to 20,12 to 20,28,degree C,70,percent,6,,,0.5,C
Zouache et al. 2014,Ae. albopictus,Ulcinj Montenegro,urban,,,F1-2,CHIKV,La Reunion,IOL,CHIKV 06.21,3.16E+07,PFU/mL,,12 to 20,12 to 20,20,degree C,70,percent,6,,,0.3,C
Zouache et al. 2014,Ae. albopictus,Ulcinj Montenegro,urban,,,F1-2,CHIKV,La Reunion,IOL,CHIKV 06.21,3.16E+07,PFU/mL,,12 to 20,12 to 20,28,degree C,70,percent,6,,,0.61,C
Zouache et al. 2014,Ae. albopictus,Ulcinj Montenegro,urban,,,F1-2,CHIKV,France,ECSA,CHIKV 2010_1909,3.16E+07,PFU/mL,,12 to 20,12 to 20,20,degree C,70,percent,6,,,0.51,C
Zouache et al. 2014,Ae. albopictus,Ulcinj Montenegro,urban,,,F1-2,CHIKV,France,ECSA,CHIKV 2010_1909,3.16E+07,PFU/mL,,12 to 20,12 to 20,28,degree C,70,percent,6,,,0.76,C
Zouache et al. 2014,Ae. albopictus,Manus Brazil,urban,,,F3,CHIKV,La Reunion,IOL,CHIKV 06.21,3.16E+07,PFU/mL,,12 to 20,12 to 20,20,degree C,70,percent,6,,,0.46,C
Zouache et al. 2014,Ae. albopictus,Manus Brazil,urban,,,F3,CHIKV,La Reunion,IOL,CHIKV 06.21,3.16E+07,PFU/mL,,12 to 20,12 to 20,28,degree C,70,percent,6,,,0.5,C
Zouache et al. 2014,Ae. albopictus,Manus Brazil,urban,,,F3,CHIKV,France,ECSA,CHIKV 2010_1909,3.16E+07,PFU/mL,,12 to 20,12 to 20,20,degree C,70,percent,6,,,0.53,C
Zouache et al. 2014,Ae. albopictus,Manus Brazil,urban,,,F3,CHIKV,France,ECSA,CHIKV 2010_1909,3.16E+07,PFU/mL,,12 to 20,12 to 20,28,degree C,70,percent,6,,,0.5,C
Zouache et al. 2014,Ae. albopictus,Binh Phuoc Vietnam,rural,,,F8-9,CHIKV,La Reunion,IOL,CHIKV 06.21,3.16E+07,PFU/mL,,12 to 20,12 to 20,20,degree C,70,percent,6,,,0.13,C
Zouache et al. 2014,Ae. albopictus,Binh Phuoc Vietnam,rural,,,F8-9,CHIKV,La Reunion,IOL,CHIKV 06.21,3.16E+07,PFU/mL,,12 to 20,12 to 20,28,degree C,70,percent,6,,,0.36,C
Zouache et al. 2014,Ae. albopictus,Binh Phuoc Vietnam,rural,,,F8-9,CHIKV,France,ECSA,CHIKV 2010_1909,3.16E+07,PFU/mL,,12 to 20,12 to 20,20,degree C,70,percent,6,,,0.47,C
Zouache et al. 2014,Ae. albopictus,Binh Phuoc Vietnam,rural,,,F8-9,CHIKV,France,ECSA,CHIKV 2010_1909,3.16E+07,PFU/mL,,12 to 20,12 to 20,28,degree C,70,percent,6,,,0.42,C
Zouache et al. 2014,Ae. albopictus,La Reunion,rural,,,F8-9,CHIKV,La Reunion,IOL,CHIKV 06.21,3.16E+07,PFU/mL,,12 to 20,12 to 20,20,degree C,70,percent,6,,,0.38,C
Zouache et al. 2014,Ae. albopictus,La Reunion,rural,,,F8-9,CHIKV,La Reunion,IOL,CHIKV 06.21,3.16E+07,PFU/mL,,12 to 20,12 to 20,28,degree C,70,percent,6,,,0.86,C
Zouache et al. 2014,Ae. albopictus,La Reunion,rural,,,F8-9,CHIKV,France,ECSA,CHIKV 2010_1909,3.16E+07,PFU/mL,,12 to 20,12 to 20,20,degree C,70,percent,6,,,0.75,C
Zouache et al. 2014,Ae. albopictus,La Reunion,rural,,,F8-9,CHIKV,France,ECSA,CHIKV 2010_1909,3.16E+07,PFU/mL,,12 to 20,12 to 20,28,degree C,70,percent,6,,,0.35,C
Lukhen et al. 2024,Ae. albopictus,Freiburg Germany,city,,,,CHIKV,France,ECSA,CNR_24/2014,1.00E+06,PFU/mL,,,,18,degree C,70,percent,14,,,0.5,J
